PDatTime;Age;TEMP;JTEMP;STIRR;pH;pO2;AIRSP;MFC_B;MFC_C;MFC_D;VALVE_A;O2SP;VALVE_C;VALVE_D;PUMP_A;PUMP_B;SUBS_A;SUBS_B;SUBS_C;PUMPT_A;FOAMT;ACIDT;BASET;SUBST_A;SUBST_B;SUBST_C;VALVET_A;O2SPT;VALVET_C;VALVET_D;EXT_A;EXT_B;BALANCE_A;BALANCE_B;FLOW_A;REDOX;TURB;pHo;pO2o;EO2;ECO2;AIROV;N2SP;CO2SP
;;Value;Value;Value;Value;Value;Value;Value;Value;Value;Value;Value;Value;Value;Value;Value;Value;Value;Value;Value;Value;Value;Value;Value;Value;Value;Value;Value;Value;Value;Value;Value;Value;Value;Value;Value;Value;Value;Value;Value;Value;Value;Value;Value
;(h);(°C);(°C);(rpm);(pH);(%sat);(lpm);(lpm);(lpm);(lpm);(%);(%);(%);(%);(%);(%);(%);(%);(%);(ml);(ml);(ml);(ml);(ml);(ml);(ml);(l);(l);(l);(l);(%);(%);(g);(kg);(g/h);(mV);(AU);(pH);(%sat);(%);(%);(lpm);(%);(lpm)
03.12.2020 09:49:43;0;31,395;33,255;700;5,362;97,91;0,4998;0;0;0;0,5;0;0;0;0;0;2,5;0;0;0;0;0;0;0;0;0;0;9841;0;0;0;0;0;0;0;0;0;-2,00000000000422E-04;0;0;0;0,4998;0;0
03.12.2020 09:54:43;8,33333333333333E-02;31,695;32,68125;700;5,24449166666667;94,03475;0,500325;0;0;0;0,5;0;0;0;0;0;2,5;0;0;0;0;0;0;0,5;0;0;0;9841;0;0;0;0;0;0;0;0;0;-2,00000000000422E-04;0;0;0;0,500325;0;0
03.12.2020 09:59:43;0,166666666666667;32,0475;31,725;700;5,231475;90,3774166666667;0,50085;0;0;0;0,5;0;0;0;0;0;2,5;0;0;0;0;0;0;1,5;0;0;0;9841;0;0;0;0;0;0;0;0;0;-2,00000000000422E-04;0;0;0;0,50085;0;0
03.12.2020 10:04:43;0,25;32,1;31,905;700;5,237925;88,3691666666667;0,5007;0;0;0;0,5;0;0;0;0;0;2,5;0;0;0;0;0;0;2,5;0;0;0;9841;0;0;0;0;0;0;0;0;0;-2,00000000000422E-04;0;0;0;0,5007;0;0
03.12.2020 10:09:43;0,333333333333333;32,1;32,0775;700;5,18970833333333;86,6911666666667;0,5007;0;0;0;0,5;0;0;0;0;0;2,5;0;0;0;0;0;0;3,5;0;0;0;9841;0;0;0;0;0;0;0;0;0;-2,00000000000422E-04;0;0;0;0,5007;0;0
03.12.2020 10:14:43;0,416666666666667;32,0475;32,2275;700;5,20559166666667;85,17325;0,5007;0;0;0;0,5;0;0;0;0;0;2,5;0;0;0;0;0;0;4,5;0;0;0;9841;0;0;0;0;0;0;0;0;0;-2,00000000000422E-04;0;0;0;0,5007;0;0
03.12.2020 10:19:43;0,5;31,995;32,1525;700;5,1784;83,9261666666667;0,50085;0;0;0;0,5;0;0;0;0;0;2,5;0;0;0;0;0;0;5,5;0;0;0;9841;0;0;0;0;0;0;0;0;0;-2,00000000000422E-04;0;0;0;0,50085;0;0
03.12.2020 10:24:43;0,583333333333333;31,995;31,95;700;5,209825;82,8029166666667;0,500925;0;0;0;0,5;0;0;0;0;0;2,5;0;0;0;0;0;0;6,5;0;0;0;9841;0;0;0;0;0;0;0;0;0;-2,00000000000422E-04;0;0;0;0,500925;0;0
03.12.2020 10:29:43;0,666666666666667;31,995;31,95;700;5,2269;82,155;0,5007;0;0;0;0,5;0;0;0;0;0;2,5;0;0;0;0;0;0;8;0;0;0;9841;0;0;0;0;0;0;0;0;0;-2,00000000000422E-04;0;0;0;0,5007;0;0
03.12.2020 10:34:43;0,75;31,995;32,1;700;5,21406666666667;82,055;0,500925;0;0;0;0,5;0;0;0;0;0;2,5;0;0;0;0;0;0;9,5;0;0;0;9841;0;0;0;0;0;0;0;0;0;-2,00000000000422E-04;0;0;0;0,500925;0;0
03.12.2020 10:39:43;0,833333333333333;31,995;32,1;700;5,204425;82,23;0,501;0;0;0;0,5;0;0;0;0;0;2,5;0;0;0;0;0;0;10,5;0;0;0;9841;0;0;0;0;0;0;0;0;0;-2,00000000000422E-04;0;0;0;0,501;0;0
03.12.2020 10:44:43;0,916666666666667;31,995;32,0475;700;5,230725;82,63;0,501;0;0;0;0,5;0;0;0;0;0;2,5;0;0;0;0;0;0;11,5;0;0;0;9841;0;0;0;0;0;0;0;0;0;-2,00000000000422E-04;0;0;0;0,501;0;0
03.12.2020 10:49:43;1;32,0475;31,8;700;5,20146666666667;82,95;0,50085;0;0;0;0,5;0;0;0;0;0;2,5;0;0;0;0;0;0;12,5;0;0;0;9841;0;0;0;0;0;0;0;0;0;-2,00000000000422E-04;0;0;0;0,50085;0;0
03.12.2020 10:54:43;1,08333333333333;32,0475;31,8525;700;5,205725;83,05;0,50085;0;0;0;0,5;0;0;0;0;0;2,5;0;0;0;0;0;0;13,5;0;0;0;9841;0;0;0;0;0;0;0;0;0;-2,00000000000422E-04;0;0;0;0,50085;0;0
03.12.2020 10:59:43;1,16666666666667;31,995;32,0475;700;5,25233333333333;83,03;0,50085;0;0;0;0,5;0;0;0;0;0;2,5;0;0;0;0;0;0;14,5;0;0;0;9841;0;0;0;0;0;0;0;0;0;-2,00000000000422E-04;0;0;0;0,50085;0;0
03.12.2020 11:04:43;1,25;31,995;31,95;700;5,22699166666667;82,83;0,500625;0;0;0;0,5;0;0;0;0;0;2,5;0;0;0;0;0;0;15,5;0;0;0;9841;0;0;0;0;0;0;0;0;0;-2,00000000000422E-04;0;0;0;0,500625;0;0
03.12.2020 11:09:43;1,33333333333333;31,995;31,95;700;5,208125;82,53;0,5007;0;0;0;0,5;0;0;0;0;0;2,5;0;0;0;0;0;0,5;16,5;0;0;0;9841;0;0;0;0;0;0;0;0;0;-2,00000000000422E-04;0;0;0;0,5007;0;0
03.12.2020 11:14:43;1,41666666666667;31,995;31,995;700;5,19669166666667;82,13;0,50055;0;0;0;0,5;0;0;0;0;0;2,5;0;0;0;0;0;1;17,5;0;0;0;9841;0;0;0;0;0;0;0;0;0;-2,00000000000422E-04;0;0;0;0,50055;0;0
03.12.2020 11:19:43;1,5;31,995;31,995;700;5,20625;81,63;0,500475;0;0;0;0,5;0;0;0;0;0;2,5;0;0;0;0;0;1;18,5;0;0;0;9841;0;0;0;0;0;0;0;0;0;-2,00000000000422E-04;0;0;0;0,500475;0;0
03.12.2020 11:24:43;1,58333333333333;31,995;31,995;700;5,19979166666667;81,13;0,50085;0;0;0;0,5;0;0;0;0;0;2,5;0;0;0;0;0;1;19,5;0;0;0;9841;0;0;0;0;0;0;0;0;0;-2,00000000000422E-04;0;0;0;0,50085;0;0
03.12.2020 11:29:43;1,66666666666667;31,995;31,995;700;5,21208333333333;80,735;0,501225;0;0;0;0,5;0;0;0;0;0;2,5;0;0;0;0;0;1;20,5;0;0;0;9841;0;0;0;0;0;0;0;0;0;-2,00000000000422E-04;0;0;0;0,501225;0;0
03.12.2020 11:34:43;1,75;31,995;31,995;700;5,22165;80,24;0,500925;0;0;0;0,5;0;0;0;0;0;2,5;0;0;0;0;0;1;21,5;0;0;0;9841;0;0;0;0;0;0;0;0;0;-2,00000000000422E-04;0;0;0;0,500925;0;0
03.12.2020 11:39:43;1,83333333333333;31,995;31,995;700;5,19744166666667;79,84;0,5007;0;0;0;0,5;0;0;0;0;0;2,5;0;0;0;0;0;1;22,5;0;0;0;9841;0;0;0;0;0;0;0;0;0;-2,00000000000422E-04;0;0;0;0,5007;0;0
03.12.2020 11:44:43;1,91666666666667;31,995;31,995;700;5,19871666666667;79,64;0,5007;0;0;0;0,5;0;0;0;0;0;2,5;0;0;0;0;0;1;23,5;0;0;0;9841;0;0;0;0;0;0;0;0;0;-2,00000000000422E-04;0;0;0;0,5007;0;0
03.12.2020 11:49:43;2;31,995;31,995;700;5,19911666666667;79,24;0,5007;0;0;0;0,5;0;0;0;0;0;2,5;0;0;0;0;0;1;24,5;0;0;0;9841;0;0;0;0;0;0;0;0;0;-2,00000000000422E-04;0;0;0;0,5007;0;0
03.12.2020 11:54:43;2,08333333333333;31,995;31,995;700;5,194425;78,74;0,500775;0;0;0;0,5;0;0;0;0;0;2,5;0;0;0;0;0;1;25,5;0;0;0;9841;0;0;0;0;0;0;0;0;0;-2,00000000000422E-04;0;0;0;0,500775;0;0
03.12.2020 11:59:43;2,16666666666667;31,995;31,995;700;5,20873333333333;78,14;0,500775;0;0;0;0,5;0;0;0;0;0;2,5;0;0;0;0;0;1;26,5;0;0;0;9841;0;0;0;0;0;0;0;0;0;-2,00000000000422E-04;0;0;0;0,500775;0;0
03.12.2020 12:04:43;2,25;31,995;31,995;700;5,20354166666667;77,57;0,5007;0;0;0;0,5;0;0;0;0;0;2,5;0;0;0;0;0;1;28;0;0;0;9841;0;0;0;0;0;0;0;0;0;-2,00000000000422E-04;0;0;0;0,5007;0;0
03.12.2020 12:09:43;2,33333333333333;31,995;31,995;700;5,2149;77,175;0,50055;0;0;0;0,5;0;0;0;0;0;2,5;0;0;0;0;0;1;29,5;0;0;0;9841;0;0;0;0;0;0;0;0;0;-2,00000000000422E-04;0;0;0;0,50055;0;0
03.12.2020 12:14:43;2,41666666666667;31,995;31,995;700;5,21086666666667;76,55;0,50055;0;0;0;0,5;0;0;0;0;0;2,5;0;0;0;0;0;1;30,5;0;0;0;9841;0;0;0;0;0;0;0;0;0;-2,00000000000422E-04;0;0;0;0,50055;0;0
03.12.2020 12:19:43;2,5;31,995;31,995;700;5,210925;75,95;0,500775;0;0;0;0,5;0;0;0;0;0;2,5;0;0;0;0;0;1;31,5;0;0;0;9841;0;0;0;0;0;0;0;0;0;-2,00000000000422E-04;0;0;0;0,500775;0;0
03.12.2020 12:24:43;2,58333333333333;31,995;31,995;700;5,20461666666667;75,45;0,5007;0;0;0;0,5;0;0;0;0;0;2,5;0;0;0;0;0;1;32,5;0;0;0;9841;0;0;0;0;0;0;0;0;0;-2,00000000000422E-04;0;0;0;0,5007;0;0
03.12.2020 12:29:43;2,66666666666667;31,995;31,995;700;5,20780833333333;74,85;0,50055;0;0;0;0,5;0;0;0;0;0;2,5;0;0;0;0;0;1;33,5;0;0;0;9841;0;0;0;0;0;0;0;0;0;-2,00000000000422E-04;0;0;0;0,50055;0;0
03.12.2020 12:34:43;2,75;31,995;31,995;700;5,19478333333333;74,355;0,500775;0;0;0;0,5;0;0;0;0;0;2,5;0;0;0;0;0;1;34,5;0;0;0;9841;0;0;0;0;0;0;0;0;0;-2,00000000000422E-04;0;0;0;0,500775;0;0
03.12.2020 12:39:43;2,83333333333333;31,995;31,995;700;5,201125;73,5716666666667;0,50085;0;0;0;0,5;0;0;0;0;0;2,5;0;0;0;0;0;1;35,5;0;0;0;9841;0;0;0;0;0;0;0;0;0;-2,00000000000422E-04;0;0;0;0,50085;0;0
03.12.2020 12:44:43;2,91666666666667;31,995;31,995;700;5,188225;72,76;0,500925;0;0;0;0,5;0;0;0;0;0;2,5;0;0;0;0;0;1;36,5;0;0;0;9841;0;0;0;0;0;0;0;0;0;-2,00000000000422E-04;0;0;0;0,500925;0;0
03.12.2020 12:49:43;3;31,995;31,995;700;5,198825;72,01;0,500925;0;0;0;0,5;0;0;0;0;0;2,5;0;0;0;0;0;1;37,5;0;0;0;9841;0;0;0;0;0;0;0;0;0;-2,00000000000422E-04;0;0;0;0,500925;0;0
03.12.2020 12:54:43;3,08333333333333;31,995;31,995;700;5,2182;71,1951666666667;0,500775;0;0;0;0,5;0;0;0;0;0;2,5;0;0;0;0;0;1,5;38,5;0;0;0;9841;0;0;0;0;0;0;0;0;0;-2,00000000000422E-04;0;0;0;0,500775;0;0
03.12.2020 12:59:43;3,16666666666667;31,995;31,95;700;5,21388333333333;70,17;0,500775;0;0;0;0,5;0;0;0;0;0;2,5;0;0;0;0;0;2;39,5;0;0;0;9841;0;0;0;0;0;0;0;0;0;-2,00000000000422E-04;0;0;0;0,500775;0;0
03.12.2020 13:04:43;3,25;31,995;31,9275;700;5,2067;69,2983333333333;0,501;0;0;0;0,5;0;0;0;0;0;2,5;0;0;0;0;0;2;40,5;0;0;0;9841;0;0;0;0;0;0;0;0;0;-2,00000000000422E-04;0;0;0;0,501;0;0
03.12.2020 13:09:43;3,33333333333333;31,995;31,9725;700;5,214125;68,275;0,50085;0;0;0;0,5;0;0;0;0;0;2,5;0;0;0;0;0;2;41,5;0;0;0;9841;0;0;0;0;0;0;0;0;0;-2,00000000000422E-04;0;0;0;0,50085;0;0
03.12.2020 13:14:43;3,41666666666667;31,995;31,995;700;5,209975;67,2783333333333;0,500625;0;0;0;0,5;0;0;0;0;0;2,5;0;0;0;0;0;2;42,5;0;0;0;9841;0;0;0;0;0;0;0;0;0;-2,00000000000422E-04;0;0;0;0,500625;0;0
03.12.2020 13:19:43;3,5;31,995;31,995;700;5,19760833333333;66,0591666666667;0,50085;0;0;0;0,5;0;0;0;0;0;2,5;0;0;0;0;0;2;43,5;0;0;0;9841;0;0;0;0;0;0;0;0;0;-2,00000000000422E-04;0;0;0;0,50085;0;0
03.12.2020 13:24:43;3,58333333333333;31,995;31,95;700;5,20896666666667;65,2630833333333;0,50085;0;0;0;0,5;0;0;0;0;0;2,5;0;0;0;0;0;2;44,5;0;0;0;9841;0;0;0;0;0;0;0;0;0;-2,00000000000422E-04;0;0;0;0,50085;0;0
03.12.2020 13:29:43;3,66666666666667;31,995;31,9125;700;5,21278333333333;63,845;0,5007;0;0;0;0,5;0;0;0;0;0;2,5;0;0;0;0;0;2;45,5;0;0;0;9841;0;0;0;0;0;0;0;0;0;-2,00000000000422E-04;0;0;0;0,5007;0;0
03.12.2020 13:34:43;3,75;31,995;31,9575;700;5,21156666666667;62,5113333333333;0,50085;0;0;0;0,5;0;0;0;0;0;2,5;0;0;0;0;0;2;46,5;0;0;0;9841;0;0;0;0;0;0;0;0;0;-2,00000000000422E-04;0;0;0;0,50085;0;0
03.12.2020 13:39:43;3,83333333333333;31,995;31,845;700;5,21079166666667;61,7975;0,500925;0;0;0;0,5;0;0;0;0;0;2,5;0;0;0;0;0;2;48;0;0;0;9841;0;0;0;0;0;0;0;0;0;-2,00000000000422E-04;0;0;0;0,500925;0;0
03.12.2020 13:44:43;3,91666666666667;31,995;31,8;700;5,20755833333333;60,2770833333333;0,501;0;0;0;0,5;0;0;0;0;0;2,5;0;0;0;0;0;2;49,5;0;0;0;9841;0;0;0;0;0;0;0;0;0;-2,00000000000422E-04;0;0;0;0,501;0;0
03.12.2020 13:49:43;4;31,995;31,95;700;5,218125;58,9730833333333;0,501;0;0;0;0,5;0;0;0;0;0;2,5;0;0;0;0;0;2;50,5;0;0;0;9841;0;0;0;0;0;0;0;0;0;-2,00000000000422E-04;0;0;0;0,501;0;0
03.12.2020 13:54:43;4,08333333333333;31,995;31,95;700;5,21306666666667;57,575;0,500775;0;0;0;0,5;0;0;0;0;0;2,5;0;0;0;0;0;2;51,5;0;0;0;9841;0;0;0;0;0;0;0;0;0;-2,00000000000422E-04;0;0;0;0,500775;0;0
03.12.2020 13:59:43;4,16666666666667;31,995;31,905;700;5,21285;56,0418333333333;0,500625;0;0;0;0,5;0;0;0;0;0;2,5;0;0;0;0;0;2;52,5;0;0;0;9841;0;0;0;0;0;0;0;0;0;-2,00000000000422E-04;0;0;0;0,500625;0;0
03.12.2020 14:04:43;4,25;31,995;31,755;700;5,21110833333333;54,5278333333333;0,500625;0;0;0;0,5;0;0;0;0;0;2,5;0;0;0;0;0;2;53,5;0;0;0;9841;0;0;0;0;0;0;0;0;0;-2,00000000000422E-04;0;0;0;0,500625;0;0
03.12.2020 14:09:43;4,33333333333333;31,995;31,755;700;5,20889166666667;53,154;0,5007;0;0;0;0,5;0;0;0;0;0;2,5;0;0;0;0;0;2;54,5;0;0;0;9841;0;0;0;0;0;0;0;0;0;-2,00000000000422E-04;0;0;0;0,5007;0;0
03.12.2020 14:14:43;4,41666666666667;31,995;31,905;700;5,20535833333333;51,9716666666667;0,500775;0;0;0;0,5;0;0;0;0;0;2,5;0;0;0;0;0;2;55,5;0;0;0;9841;0;0;0;0;0;0;0;0;0;-2,00000000000422E-04;0;0;0;0,500775;0;0
03.12.2020 14:19:43;4,5;31,995;31,8525;700;5,20703333333333;50,34925;0,501;0;0;0;0,5;0;0;0;0;0;2,5;0;0;0;0;0;2;56,5;0;0;0;9841;0;0;0;0;0;0;0;0;0;-2,00000000000422E-04;0;0;0;0,501;0;0
03.12.2020 14:24:43;4,58333333333333;31,995;31,8525;700;5,20373333333333;48,925;0,501;0;0;0;0,5;0;0;0;0;0;2,5;0;0;0;0;0;2;57,5;0;0;0;9841;0;0;0;0;0;0;0;0;0;-2,00000000000422E-04;0;0;0;0,501;0;0
03.12.2020 14:29:43;4,66666666666667;31,995;31,905;700;5,21171666666667;47,1243333333333;0,501075;0;0;0;0,5;0;0;0;0;0;2,5;0;0;0;0;0;2;58,5;0;0;0;9841;0;0;0;0;0;0;0;0;0;-2,00000000000422E-04;0;0;0;0,501075;0;0
03.12.2020 14:34:43;4,75;31,995;31,905;700;5,202775;45,8516666666667;0,501225;0;0;0;0,5;0;0;0;0;0;2,5;0;0;0;0;0;2;59,5;0;0;0;9841;0;0;0;0;0;0;0;0;0;-2,00000000000422E-04;0;0;0;0,501225;0;0
03.12.2020 14:39:43;4,83333333333333;31,995;31,905;700;5,19233333333333;44,7129166666667;0,500925;0;0;0;0,5;0;0;0;0;0;2,5;0;0;0;0;0;2,5;60,5;0;0;0;9841;0;0;0;0;0;0;0;0;0;-2,00000000000422E-04;0;0;0;0,500925;0;0
03.12.2020 14:44:43;4,91666666666667;31,995;31,905;700;5,21704166666667;43,0423333333333;0,5007;0;0;0;0,5;0;0;0;0;0;2,5;0;0;0;0;0;3;61,5;0;0;0;9841;0;0;0;0;0;0;0;0;0;-2,00000000000422E-04;0;0;0;0,5007;0;0
03.12.2020 14:49:43;5;31,995;31,905;700;5,21896666666667;41,2643333333333;0,500925;0;0;0;0,5;0;0;0;0;0;2,5;0;0;0;0;0;3;62,5;0;0;0;9841;0;0;0;0;0;0;0;0;0;-2,00000000000422E-04;0;0;0;0,500925;0;0
03.12.2020 14:54:43;5,08333333333333;31,995;31,905;701,2;5,21094166666667;40,17;0,501225;0;0;0;0,5;0;0;0;0;0;2,5;0;0;0;0;0;3;63,5;0;0;0;9841;0;0;0;0;0;0;0;0;0;-2,00000000000422E-04;0;0;0;0,501225;0;0
03.12.2020 14:59:43;5,16666666666667;31,995;31,905;707;5,19265;39,6633333333333;0,50115;0;0;0;0,5;0;0;0;0;0;2,5;0;0;0;0;0;3;64,5;0;0;0;9841;0;0;0;0;0;0;0;0;0;-2,00000000000422E-04;0;0;0;0,50115;0;0
03.12.2020 15:04:43;5,25;31,995;31,905;714,9;5,18851666666667;39,745;0,500775;0;0;0;0,5;0;0;0;0;0;2,5;0;0;0;0;0;3;65,5;0;0;0;9841;0;0;0;0;0;0;0;0;0;-2,00000000000422E-04;0;0;0;0,500775;0;0
03.12.2020 15:09:43;5,33333333333333;31,995;31,905;722;5,218;39,77;0,500775;0;0;0;0,5;0;0;0;0;0;2,5;0;0;0;0;0;3;67;0;0;0;9841;0;0;0;0;0;0;0;0;0;-2,00000000000422E-04;0;0;0;0,500775;0;0
03.12.2020 15:14:43;5,41666666666667;31,995;31,905;730,4;5,2101;39,37;0,500925;0;0;0;0,5;0;0;0;0;0;2,5;0;0;0;0;0;3;68,5;0;0;0;9841;0;0;0;0;0;0;0;0;0;-2,00000000000422E-04;0;0;0;0,500925;0;0
03.12.2020 15:19:43;5,5;31,995;31,905;737,7;5,18040833333333;39,7123333333333;0,5007;0;0;0;0,5;0;0;0;0;0;2,5;0;0;0;0;0;3;69,5;0;0;0;9841;0;0;0;0;0;0;0;0;0;-2,00000000000422E-04;0;0;0;0,5007;0;0
03.12.2020 15:24:43;5,58333333333333;31,995;31,8525;743,1;5,20344166666667;39,6508333333333;0,500625;0;0;0;0,5;0;0;0;0;0;2,5;0;0;0;0;0;3;70,5;0;0;0;9841;0;0;0;0;0;0;0;0;0;-2,00000000000422E-04;0;0;0;0,500625;0;0
03.12.2020 15:29:43;5,66666666666667;31,995;31,8525;748,5;5,216475;39,82;0,500925;0;0;0;0,5;0;0;0;0;0;2,5;0;0;0;0;0;3;71,5;0;0;0;9841;0;0;0;0;0;0;0;0;0;-2,00000000000422E-04;0;0;0;0,500925;0;0
03.12.2020 15:34:43;5,75;31,995;31,8675;755,1;5,19669166666667;39,77;0,501075;0;0;0;0,5;0;0;0;0;0;2,5;0;0;0;0;0;3;72,5;0;0;0;9841;0;0;0;0;0;0;0;0;0;-2,00000000000422E-04;0;0;0;0,501075;0;0
03.12.2020 15:39:43;5,83333333333333;31,995;31,815;762,3;5,199625;39,42;0,501075;0;0;0;0,5;0;0;0;0;0;2,5;0;0;0;0;0;3;73,5;0;0;0;9841;0;0;0;0;0;0;0;0;0;-2,00000000000422E-04;0;0;0;0,501075;0;0
03.12.2020 15:44:43;5,91666666666667;31,995;31,8;770;5,20491666666667;39,57;0,501;0;0;0;0,5;0;0;0;0;0;2,5;0;0;0;0;0;3;74,5;0;0;0;9841;0;0;0;0;0;0;0;0;0;-2,00000000000422E-04;0;0;0;0,501;0;0
03.12.2020 15:49:43;6;31,995;31,8;775,6;5,185325;39,945;0,501;0;0;0;0,5;0;0;0;0;0;2,5;0;0;0;0;0;3;75,5;0;0;0;9841;0;0;0;0;0;0;0;0;0;-2,00000000000422E-04;0;0;0;0,501;0;0
03.12.2020 15:54:43;6,08333333333333;31,995;31,8;780,1;5,21556666666667;39,8575;0,50115;0;0;0;0,5;0;0;0;0;0;2,5;0;0;0;0;0;3;76,5;0;0;0;9841;0;0;0;0;0;0;0;0;0;-2,00000000000422E-04;0;0;0;0,50115;0;0
03.12.2020 15:59:43;6,16666666666667;31,995;31,8;786,2;5,182925;40,27;0,501;0;0;0;0,5;0;0;0;0;0;2,5;0;0;0;0;0;3,5;77,5;0;0;0;9841;0;0;0;0;0;0;0;0;0;-2,00000000000422E-04;0;0;0;0,501;0;0
03.12.2020 16:04:43;6,25;31,995;31,8;794,2;5,21278333333333;39,67;0,50085;0;0;0;0,5;0;0;0;0;0;2,5;0;0;0;0;0;4;78,5;0;0;0;9841;0;0;0;0;0;0;0;0;0;-2,00000000000422E-04;0;0;0;0,50085;0;0
03.12.2020 16:09:43;6,33333333333333;31,995;31,8;803,3;5,18548333333333;39,67;0,501;0;0;0;0,5;0;0;0;0;0;2,5;0;0;0;0;0;4;79,5;0;0;0;9841;0;0;0;0;0;0;0;0;0;-2,00000000000422E-04;0;0;0;0,501;0;0
03.12.2020 16:14:43;6,41666666666667;31,995;31,65;809,9;5,19919166666667;39,4261666666667;0,500925;0;0;0;0,5;0;0;0;0;0;2,5;0;0;0;0;0;4;80,5;0;0;0;9841;0;0;0;0;0;0;0;0;0;-2,00000000000422E-04;0;0;0;0,500925;0;0
03.12.2020 16:19:43;6,5;31,995;31,65;817,7;5,202675;39,6616666666667;0,500775;0;0;0;0,5;0;0;0;0;0;2,5;0;0;0;0;0;4;81,5;0;0;0;9841;0;0;0;0;0;0;0;0;0;-2,00000000000422E-04;0;0;0;0,500775;0;0
03.12.2020 16:24:43;6,58333333333333;31,995;31,71;824;5,18196666666667;39,795;0,500925;0;0;0;0,5;0;0;0;0;0;2,5;0;0;0;0;0;4;82,5;0;0;0;9841;0;0;0;0;0;0;0;0;0;-2,00000000000422E-04;0;0;0;0,500925;0;0
03.12.2020 16:29:43;6,66666666666667;31,995;31,6575;828,8;5,18805;39,7558333333333;0,50085;0;0;0;0,5;0;0;0;0;0;2,5;0;0;0;0;0;4;83,5;0;0;0;9841;0;0;0;0;0;0;0;0;0;-2,00000000000422E-04;0;0;0;0,50085;0;0
03.12.2020 16:34:43;6,75;31,995;31,695;838,7;5,20273333333333;39,87;0,5007;0;0;0;0,5;0;0;0;0;0;2,5;0;0;0;0;0;4;84,5;0;0;0;9841;0;0;0;0;0;0;0;0;0;-2,00000000000422E-04;0;0;0;0,5007;0;0
03.12.2020 16:39:43;6,83333333333333;31,995;31,695;849,1;5,18760833333333;39,42;0,500775;0;0;0;0,5;0;0;0;0;0;2,5;0;0;0;0;0;4;85,5;0;0;0;9841;0;0;0;0;0;0;0;0;0;-2,00000000000422E-04;0;0;0;0,500775;0;0
03.12.2020 16:44:43;6,91666666666667;31,995;31,695;854,6;5,187875;39,7225;0,50085;0;0;0;0,5;0;0;0;0;0;2,5;0;0;0;0;0;4;87;0;0;0;9841;0;0;0;0;0;0;0;0;0;-2,00000000000422E-04;0;0;0;0,50085;0;0
03.12.2020 16:49:43;7;31,995;31,5975;860,6;5,18750833333333;39,6870833333333;0,50085;0;0;0;0,5;0;0;0;0;0;2,5;0;0;0;0;0;4;88,5;0;0;0;9841;0;0;0;0;0;0;0;0;0;-2,00000000000422E-04;0;0;0;0,50085;0;0
03.12.2020 16:54:43;7,08333333333333;31,995;31,4025;869,4;5,18365;39,9816666666667;0,501;0;0;0;0,5;0;0;0;0;0;2,5;0;0;0;0;0;4;89,5;0;0;0;9841;0;0;0;0;0;0;0;0;0;-2,00000000000422E-04;0;0;0;0,501;0;0
03.12.2020 16:59:43;7,16666666666667;31,995;31,455;878,1;5,195025;39,6195833333333;0,501;0;0;0;0,5;0;0;0;0;0;2,5;0;0;0;0;0;4,5;90,5;0;0;0;9841;0;0;0;0;0;0;0;0;0;-2,00000000000422E-04;0;0;0;0,501;0;0
03.12.2020 17:04:43;7,25;31,995;31,38;886,5;5,18681666666667;39,4235833333333;0,5007;0;0;0;0,5;0;0;0;0;0;2,5;0;0;0;0;0;5;91,5;0;0;0;9841;0;0;0;0;0;0;0;0;0;-2,00000000000422E-04;0;0;0;0,5007;0;0
03.12.2020 17:09:43;7,33333333333333;31,995;31,38;895,3;5,18955;39,6079166666667;0,50055;0;0;0;0,5;0;0;0;0;0;2,5;0;0;0;0;0;5;92,5;0;0;0;9841;0;0;0;0;0;0;0;0;0;-2,00000000000422E-04;0;0;0;0,50055;0;0
03.12.2020 17:14:43;7,41666666666667;31,995;31,35;906,8;5,18821666666667;39,5764166666667;0,500925;0;0;0;0,5;0;0;0;0;0;2,5;0;0;0;0;0;5;93,5;0;0;0;9841;0;0;0;0;0;0;0;0;0;-2,00000000000422E-04;0;0;0;0,500925;0;0
03.12.2020 17:19:43;7,5;31,995;31,35;918;5,18550833333333;39,68375;0,501075;0;0;0;0,5;0;0;0;0;0;2,5;0;0;0;0;0;5;94,5;0;0;0;9841;0;0;0;0;0;0;0;0;0;-2,00000000000422E-04;0;0;0;0,501075;0;0
03.12.2020 17:24:43;7,58333333333333;31,995;31,605;930;5,189075;39,6029166666667;0,500775;0;0;0;0,5;0;0;0;0;0;2,5;0;0;0;0;0;5;95,5;0;0;0;9841;0;0;0;0;0;0;0;0;0;-2,00000000000422E-04;0;0;0;0,500775;0;0
03.12.2020 17:29:43;7,66666666666667;31,995;31,5675;940,3;5,16490833333333;39,9104166666667;0,500775;0;0;0;0,5;0;0;0;0;0;2,5;0;0;0;0;0;5;96,5;0;0;0;9841;0;0;0;0;0;0;0;0;0;-2,00000000000422E-04;0;0;0;0,500775;0;0
03.12.2020 17:34:43;7,75;32,01;31,515;949,7;5,19044166666667;39,5836666666667;0,500925;0;0;0;0,5;0;0;0;0;0;2,5;0;0;0;0;0;5;97,5;0;0;0;9841;0;0;0;0;0;0;0;0;0;-2,00000000000422E-04;0;0;0;0,500925;0;0
03.12.2020 17:39:43;7,83333333333333;32,01;31,5;964,4;5,18245;39,3;0,501075;0;0;0;0,5;0;0;0;0;0;2,5;0;0;0;0;0;5;98,5;0;0;0;9841;0;0;0;0;0;0;0;0;0;-2,00000000000422E-04;0;0;0;0,501075;0;0
03.12.2020 17:44:43;7,91666666666667;31,995;31,2525;977,3;5,15905833333333;39,495;0,500925;0;0;0;0,5;0;0;0;0;0;2,5;0;0;0;0;0;5,5;99,5;0;0;0;9841;0;0;0;0;0;0;0;0;0;-2,00000000000422E-04;0;0;0;0,500925;0;0
03.12.2020 17:49:43;8;31,995;31,2525;989,2;5,18748333333333;39,4429166666667;0,5007;0;0;0;0,5;0;0;0;0;0;2,5;0;0;0;0;0;6;100,5;0;0;0;9841;0;0;0;0;0;0;0;0;0;-2,00000000000422E-04;0;0;0;0,5007;0;0
03.12.2020 17:54:43;8,08333333333333;31,995;31,2525;1001,4;5,16230833333333;39,4064166666667;0,500925;0;0;0;0,5;0;0;0;0;0;2,5;0;0;0;0;0;6;101,5;0;0;0;9841;0;0;0;0;0;0;0;0;0;-2,00000000000422E-04;0;0;0;0,500925;0;0
03.12.2020 17:59:43;8,16666666666667;31,995;31,2;1015,3;5,18196666666667;39,5983333333333;0,501;0;0;0;0,5;0;0;0;0;0;2,5;0;0;0;0;0;6;102,5;0;0;0;9841;0;0;0;0;0;0;0;0;0;-2,00000000000422E-04;0;0;0;0,501;0;0
03.12.2020 18:04:43;8,25;31,995;31,35;1030,9;5,16393333333333;39,3883333333333;0,500775;0;0;0;0,5;0;0;0;0;0;2,5;0;0;0;0;0;6;103,5;0;0;0;9841;0;0;0;0;0;0;0;0;0;-2,00000000000422E-04;0;0;0;0,500775;0;0
03.12.2020 18:09:43;8,33333333333333;31,995;31,305;1044,3;5,16375833333333;39,6691666666667;0,50085;0;0;0;0,5;0;0;0;0;0;2,5;0;0;0;0;0;6;104,5;0;0;0;9841;0;0;0;0;0;0;0;0;0;-2,00000000000422E-04;0;0;0;0,50085;0;0
03.12.2020 18:14:43;8,41666666666667;31,995;31,1025;1061,39833333333;5,16794166666667;39,3363333333333;0,500925;0;0;0;0,5;0;0;0;0;0;2,5;0;0;0;0;0;6;105,5;0;0;0;9841;0;0;0;0;0;0;0;0;0;-2,00000000000422E-04;0;0;0;0,500925;0;0
03.12.2020 18:19:43;8,5;31,995;31,1025;1077,9;5,16411666666667;39,7420833333333;0,501;0;0;0;0,5;0;0;0;0;0;2,5;0;0;0;0;0;6;107;0;0;0;9841;0;0;0;0;0;0;0;0;0;-2,00000000000422E-04;0;0;0;0,501;0;0
03.12.2020 18:24:43;8,58333333333333;31,995;31,275;1091,5;5,15779166666667;39,3641666666667;0,50085;0;0;0;0,5;0;0;0;0;0;2,5;0;0;0;0;0;6,5;108,5;0;0;0;9841;0;0;0;0;0;0;0;0;0;-2,00000000000422E-04;0;0;0;0,50085;0;0
03.12.2020 18:29:43;8,66666666666667;31,995;31,275;1105,8;5,15563333333333;39,4145833333333;0,500625;0;0;0;0,5;0;0;0;0;0;2,5;0;0;0;0;0;7;109,5;0;0;0;9841;0;0;0;0;0;0;0;0;0;-2,00000000000422E-04;0;0;0;0,500625;0;0
03.12.2020 18:34:43;8,75;31,995;31,2525;1121,3;5,147775;39,44125;0,500625;0;0;0;0,5;0;0;0;0;0;2,5;0;0;0;0;0;7;110,5;0;0;0;9841;0;0;0;0;0;0;0;0;0;-2,00000000000422E-04;0;0;0;0,500625;0;0
03.12.2020 18:39:43;8,83333333333333;31,995;31,2525;1140,23666666667;5,15795;39,5495833333333;0,50055;0;0;0;0,5;0;0;0;0;0;2,5;0;0;0;0;0;7;111,5;0;0;0;9841;0;0;0;0;0;0;0;0;0;-2,00000000000422E-04;0;0;0;0,50055;0;0
03.12.2020 18:44:43;8,91666666666667;31,995;31,2525;1155,6;5,151875;39,2654166666667;0,5007;0;0;0;0,5;0;0;0;0;0;2,5;0;0;0;0;0;7;112,5;0;0;0;9841;0;0;0;0;0;0;0;0;0;-2,00000000000422E-04;0;0;0;0,5007;0;0
03.12.2020 18:49:43;9;31,995;30,99;1173,2;5,1484;39,1930833333333;0,500775;0;0;0;0,5;0;0;0;0;0;2,5;0;0;0;0;0;7;113,5;0;0;0;9841;0;0;0;0;0;0;0;0;0;-2,00000000000422E-04;0;0;0;0,500775;0;0
03.12.2020 18:54:43;9,08333333333333;31,995;30,9375;1191;5,13975833333333;39,0116666666667;0,501;0;0;0;0,5;0;0;0;0;0;2,5;0;0;0;0;0;7,5;114,5;0;0;0;9841;0;0;0;0;0;0;0;0;0;-2,00000000000422E-04;0;0;0;0,501;0;0
03.12.2020 18:59:43;9,16666666666667;31,995;30,975;1200;5,13681666666667;37,69925;0,501225;0;0;0;0,5;0;0;0;0;0;2,5;0;0;0;0;0;8;115,5;0;0;0;9841;0;0;0;0;0;0;0;0;0;-2,00000000000422E-04;0;0;0;0,501225;0;0
03.12.2020 19:04:43;9,25;31,995;31,0275;1200;5,13870833333333;35,9394166666667;0,501225;0;0;0;0,5;0;0;0;0;0;2,5;0;0;0;0;0;8;116,5;0;0;0;9841;0;0;0;0;0;0;0;0;0;-2,00000000000422E-04;0;0;0;0,501225;0;0
03.12.2020 19:09:43;9,33333333333333;31,995;31,1475;1200;5,150825;33,7816666666667;0,501225;0;0;0;0,5;0;0;0;0;0;2,5;0;0;0;0;0;8;117,5;0;0;0;9841;0;0;0;0;0;0;0;0;0;-2,00000000000422E-04;0;0;0;0,501225;0;0
03.12.2020 19:14:43;9,41666666666667;32,0475;31,02;1200;5,137;31,4104166666667;0,500775;0;0;0;0,5;0;0;0;0;0;2,5;0;0;0;0;0;8;118,5;0;0;0;9841;0;0;0;0;0;0;0;0;0;-2,00000000000422E-04;0;0;0;0,500775;0;0
03.12.2020 19:19:43;9,5;32,0475;30,975;1200;5,13028333333333;29,561;0,50055;0;0;0;0,5;0;0;0;0;0;2,5;0;0;0;0;0;8;119,5;0;0;0;9841;0;0;0;0;0;0;0;0;0;-2,00000000000422E-04;0;0;0;0,50055;0;0
03.12.2020 19:24:43;9,58333333333333;32,0325;30,8625;1200;5,1568;28,8425;0,500625;0;0;0;0,5;0;0;0;0;0;2,5;0;0;0;0;0;8;120,5;0;0;0;9841;0;0;0;0;0;0;0;0;0;-2,00000000000422E-04;0;0;0;0,500625;0;0
03.12.2020 19:29:43;9,66666666666667;32,0325;31,1625;1170,08333333333;5,32923333333333;39,85775;0,5007;0;0;0;0,5;0;0;0;0;0;2,5;0;0;0;0;0;8,5;121,5;0;0;0;9841;0;0;0;0;0;0;0;0;0;-2,00000000000422E-04;0;0;0;0,5007;0;0
03.12.2020 19:34:43;9,75;31,95;31,605;1034,31666666667;5,648375;48,7134166666667;0,50085;0;0;0;0,5;0;0;0;0;0;2,5;0;0;0;0;0;9;122,5;0;0;0;9841;0;0;0;0;0;0;0;0;0;-2,00000000000422E-04;0;0;0;0,50085;0;0
03.12.2020 19:39:43;9,83333333333333;31,95;31,455;795,74;5,33208333333333;46,2039166666667;0,5007;0;0;0;0,5;0;0;0;0;0;2,5;0;0;0;0;0;9;123,5;0;0;0;9841;0;0;0;0;0;0;0;0;0;-2,00000000000422E-04;0;0;0;0,5007;0;0
03.12.2020 19:44:43;9,91666666666667;31,995;31,35;774,1;5,20635833333333;40,3114166666667;0,500625;0;0;0;0,5;0;0;0;0;0;2,5;0;0;0;0;0;9;124,5;0;0;0;9841;0;0;0;0;0;0;0;0;0;-2,00000000000422E-04;0;0;0;0,500625;0;0
03.12.2020 19:49:43;10;31,995;31,4475;756,446666666667;5,24061666666667;40,55775;0,500775;0;0;0;0,5;0;0;0;0;0;2,5;0;0;0;0;0;9;125,5;0;0;0;9841;0;0;0;0;0;0;0;0;0;-2,00000000000422E-04;0;0;0;0,500775;0;0
03.12.2020 19:54:43;10,0833333333333;31,995;31,5525;744,913333333333;5,251975;40,7019166666667;0,501;0;0;0;0,5;0;0;0;0;0;2,5;0;0;0;0;0;9;127;0;0;0;9841;0;0;0;0;0;0;0;0;0;-2,00000000000422E-04;0;0;0;0,501;0;0
03.12.2020 19:59:43;10,1666666666667;31,995;31,65;725,533333333333;5,25641666666667;40,8239166666667;0,501;0;0;0;0,5;0;0;0;0;0;2,5;0;0;0;0;0;9;128,5;0;0;0;9841;0;0;0;0;0;0;0;0;0;-2,00000000000422E-04;0;0;0;0,501;0;0
03.12.2020 20:04:43;10,25;31,995;31,8;702,771666666667;5,246525;42,5055;0,50085;0;0;0;0,5;0;0;0;0;0;2,5;0;0;0;0;0;9;129,5;0;0;0;9841;0;0;0;0;0;0;0;0;0;-2,00000000000422E-04;0;0;0;0,50085;0;0
03.12.2020 20:09:43;10,3333333333333;31,995;32,055;700;5,22144166666667;45,6286666666667;0,500775;0;0;0;0,5;0;0;0;0;0;2,5;0;0;0;0;0;9;130,5;0;0;0;9841;0;0;0;0;0;0;0;0;0;-2,00000000000422E-04;0;0;0;0,500775;0;0
03.12.2020 20:14:43;10,4166666666667;31,995;31,95;700;5,292725;43,4424166666667;0,500775;0;0;0;0,5;0;0;0;0;0;2,5;0;0;0;0;0;9;131,5;0;0;0;9841;0;0;0;0;0;0;0;0;0;-2,00000000000422E-04;0;0;0;0,500775;0;0
03.12.2020 20:19:43;10,5;31,95;31,845;700;5,27289166666667;41,3875;0,50085;0;0;0;0,5;0;0;0;0;0;2,5;0;0;0;0;0;9;132,5;0;0;0;9841;0;0;0;0;0;0;0;0;0;-2,00000000000422E-04;0;0;0;0,50085;0;0
03.12.2020 20:24:43;10,5833333333333;31,95;31,8975;700;5,25209166666667;41,08075;0,500775;0;0;0;0,5;0;0;0;0;0;2,5;0;0;0;0;0;9;133,5;0;0;0;9841;0;0;0;0;0;0;0;0;0;-2,00000000000422E-04;0;0;0;0,500775;0;0
03.12.2020 20:29:43;10,6666666666667;31,95;31,8;700;5,20749166666667;43,1075;0,500925;0;0;0;0,5;0;0;0;0;0;2,5;0;0;0;0;0;9;134,5;0;0;0;9841;0;0;0;0;0;0;0;0;0;-2,00000000000422E-04;0;0;0;0,500925;0;0
03.12.2020 20:34:43;10,75;31,95;31,8;700;5,31305833333333;43,3010833333333;0,501;0;0;0;0,5;0;0;0;0;0;2,5;0;0;0;0;0;9;135,5;0;0;0;9841;0;0;0;0;0;0;0;0;0;-2,00000000000422E-04;0;0;0;0,501;0;0
03.12.2020 20:39:43;10,8333333333333;31,95;31,95;700;5,26735;43,5638333333333;0,501;0;0;0;0,5;0;0;0;0;0;2,5;0;0;0;0;0;9;136,5;0;0;0;9841;0;0;0;0;0;0;0;0;0;-2,00000000000422E-04;0;0;0;0,501;0;0
03.12.2020 20:44:43;10,9166666666667;31,95;32,0025;700;5,22525833333333;45,1253333333333;0,501225;0;0;0;0,5;0;0;0;0;0;2,5;0;0;0;0;0;9;137,5;0;0;0;9841;0;0;0;0;0;0;0;0;0;-2,00000000000422E-04;0;0;0;0,501225;0;0
03.12.2020 20:49:43;11;31,995;31,8525;700;5,25679166666667;43,2514166666667;0,501;0;0;0;0,5;0;0;0;0;0;2,5;0;0;0;0;0;9;138,5;0;0;0;9841;0;0;0;0;0;0;0;0;0;-2,00000000000422E-04;0;0;0;0,501;0;0
03.12.2020 20:54:43;11,0833333333333;31,995;31,8;702,6;5,26508333333333;40,6215;0,50055;0;0;0;0,5;0;0;0;0;0;2,5;0;0;0;0;0;9;139,5;0;0;0;9841;0;0;0;0;0;0;0;0;0;-2,00000000000422E-04;0;0;0;0,50055;0;0
03.12.2020 20:59:43;11,1666666666667;31,995;31,8;706,1;5,260575;40,209;0,50055;0;0;0;0,5;0;0;0;0;0;2,5;0;0;0;0;0;9;140,5;0;0;0;9841;0;0;0;0;0;0;0;0;0;-2,00000000000422E-04;0;0;0;0,50055;0;0
03.12.2020 21:04:43;11,25;31,995;31,8;711,9;5,23765;39,6460833333333;0,500625;0;0;0;0,5;0;0;0;0;0;2,5;0;0;0;0;0;9;141,5;0;0;0;9841;0;0;0;0;0;0;0;0;0;-2,00000000000422E-04;0;0;0;0,500625;0;0
03.12.2020 21:09:43;11,3333333333333;31,995;31,8525;723,138333333333;5,24054166666667;39,7443333333333;0,50055;0;0;0;0,5;0;0;0;0;0;2,5;0;0;0;0;0;9;142,5;0;0;0;9841;0;0;0;0;0;0;0;0;0;-2,00000000000422E-04;0;0;0;0,50055;0;0
03.12.2020 21:14:43;11,4166666666667;31,995;31,8525;724,036666666667;5,22496666666667;39,6926666666667;0,5007;0;0;0;0,5;0;0;0;0;0;2,5;0;0;0;0;0;9;143,5;0;0;0;9841;0;0;0;0;0;0;0;0;0;-2,00000000000422E-04;0;0;0;0,5007;0;0
03.12.2020 21:19:43;11,5;31,995;31,8;742,098333333333;5,21455833333333;39,4048333333334;0,50085;0;0;0;0,5;0;0;0;0;0;2,5;0;0;0;0;0;9;144,5;0;0;0;9841;0;0;0;0;0;0;0;0;0;-2,00000000000422E-04;0;0;0;0,50085;0;0
03.12.2020 21:24:43;11,5833333333333;31,995;31,7025;752,6;5,23359166666667;39,5025833333333;0,500925;0;0;0;0,5;0;0;0;0;0;2,5;0;0;0;0;0;9,5;145,5;0;0;0;9841;0;0;0;0;0;0;0;0;0;-2,00000000000422E-04;0;0;0;0,500925;0;0
03.12.2020 21:29:43;11,6666666666667;31,995;31,7025;752,018333333333;5,24720833333333;40,0433333333333;0,500925;0;0;0;0,5;0;0;0;0;0;2,5;0;0;0;0;0;10;147;0;0;0;9841;0;0;0;0;0;0;0;0;0;-2,00000000000422E-04;0;0;0;0,500925;0;0
03.12.2020 21:34:43;11,75;31,995;31,8;756,931666666667;5,23828333333333;39,6628333333334;0,50085;0;0;0;0,5;0;0;0;0;0;2,5;0;0;0;0;0;10;148,5;0;0;0;9841;0;0;0;0;0;0;0;0;0;-2,00000000000422E-04;0;0;0;0,50085;0;0
03.12.2020 21:39:43;11,8333333333333;31,995;31,8;756,301666666667;5,24046666666667;40,04875;0,50085;0;0;0;0,5;0;0;0;0;0;2,5;0;0;0;0;0;10;149,5;0;0;0;9841;0;0;0;0;0;0;0;0;0;-2,00000000000422E-04;0;0;0;0,50085;0;0
03.12.2020 21:44:43;11,9166666666667;31,995;31,8;748,698333333333;5,24405833333333;40,0723333333333;0,50085;0;0;0;0,5;0;0;0;0;0;2,5;0;0;0;0;0;10;150,5;0;0;0;9841;0;0;0;0;0;0;0;0;0;-2,00000000000422E-04;0;0;0;0,50085;0;0
03.12.2020 21:49:43;12;31,995;31,8;742,373333333333;5,26875;40,2105;0,500775;0;0;0;0,5;0;0;0;0;0;2,5;0;0;0;0;0;10;151,5;0;0;0;9841;0;0;0;0;0;0;0;0;0;-2,00000000000422E-04;0;0;0;0,500775;0;0
03.12.2020 21:54:43;12,0833333333333;31,995;31,8;742,3;5,2643;40,0235833333333;0,500475;0;0;0;0,5;0;0;0;0;0;2,5;0;0;0;0;0;10;152,5;0;0;0;9841;0;0;0;0;0;0;0;0;0;-2,00000000000422E-04;0;0;0;0,500475;0;0
03.12.2020 21:59:43;12,1666666666667;31,995;31,8;737,745;5,260675;40,4528333333333;0,500625;0;0;0;0,5;0;0;0;0;0;2,5;0;0;0;0;0;10;153,5;0;0;0;9841;0;0;0;0;0;0;0;0;0;-2,00000000000422E-04;0;0;0;0,500625;0;0
03.12.2020 22:04:43;12,25;31,995;31,7475;737,216666666667;5,24971666666667;39,7478333333333;0,500925;0;0;0;0,5;0;0;0;0;0;2,5;0;0;0;0;0;10;154,5;0;0;0;9841;0;0;0;0;0;0;0;0;0;-2,00000000000422E-04;0;0;0;0,500925;0;0
03.12.2020 22:09:43;12,3333333333333;31,995;31,7475;740,5;5,222875;40,0003333333333;0,500775;0;0;0;0,5;0;0;0;0;0;2,5;0;0;0;0;0;10;155,5;0;0;0;9841;0;0;0;0;0;0;0;0;0;-2,00000000000422E-04;0;0;0;0,500775;0;0
03.12.2020 22:14:43;12,4166666666667;31,995;31,7475;740;5,25945;40,22875;0,5007;0;0;0;0,5;0;0;0;0;0;2,5;0;0;0;0;0;10;156,5;0;0;0;9841;0;0;0;0;0;0;0;0;0;-2,00000000000422E-04;0;0;0;0,5007;0;0
03.12.2020 22:19:43;12,5;31,995;31,7475;735,4;5,28441666666667;40,1048333333333;0,500775;0;0;0;0,5;0;0;0;0;0;2,5;0;0;0;0;0;10;157,5;0;0;0;9841;0;0;0;0;0;0;0;0;0;-2,00000000000422E-04;0;0;0;0,500775;0;0
03.12.2020 22:24:43;12,5833333333333;31,995;31,7775;733,1;5,24901666666667;39,4289166666667;0,5007;0;0;0;0,5;0;0;0;0;0;2,5;0;0;0;0;0;10;158,5;0;0;0;9841;0;0;0;0;0;0;0;0;0;-2,00000000000422E-04;0;0;0;0,5007;0;0
03.12.2020 22:29:43;12,6666666666667;31,995;31,7775;729,216666666667;5,210175;40,0335833333333;0,50055;0;0;0;0,5;0;0;0;0;0;2,5;0;0;0;0;0;10;159,5;0;0;0;9841;0;0;0;0;0;0;0;0;0;-2,00000000000422E-04;0;0;0;0,50055;0;0
03.12.2020 22:34:43;12,75;31,995;31,8;732,6;5,30754166666667;40,1610833333333;0,500625;0;0;0;0,5;0;0;0;0;0;2,5;0;0;0;0;0;10;160,5;0;0;0;9841;0;0;0;0;0;0;0;0;0;-2,00000000000422E-04;0;0;0;0,500625;0;0
03.12.2020 22:39:43;12,8333333333333;31,995;31,7475;730,8;5,25816666666667;39,8495833333333;0,500925;0;0;0;0,5;0;0;0;0;0;2,5;0;0;0;0;0;10;161,5;0;0;0;9841;0;0;0;0;0;0;0;0;0;-2,00000000000422E-04;0;0;0;0,500925;0;0
03.12.2020 22:44:43;12,9166666666667;31,995;31,7475;735,7;5,2036;39,9436666666667;0,501225;0;0;0;0,5;0;0;0;0;0;2,5;0;0;0;0;0;10;162,5;0;0;0;9841;0;0;0;0;0;0;0;0;0;-2,00000000000422E-04;0;0;0;0,501225;0;0
03.12.2020 22:49:43;13;31,995;31,8;732,2;5,31064166666667;40,0715;0,501075;0;0;0;0,5;0;0;0;0;0;2,5;0;0;0;0;0;10;163,5;0;0;0;9841;0;0;0;0;0;0;0;0;0;-2,00000000000422E-04;0;0;0;0,501075;0;0
03.12.2020 22:54:43;13,0833333333333;31,995;31,8;729,2;5,25056666666667;39,6505833333333;0,50085;0;0;0;0,5;0;0;0;0;0;2,5;0;0;0;0;0;10;164,5;0;0;0;9841;0;0;0;0;0;0;0;0;0;-2,00000000000422E-04;0;0;0;0,50085;0;0
03.12.2020 22:59:43;13,1666666666667;31,995;31,8;733,4;5,226575;40,0255833333333;0,5007;0;0;0;0,5;0;0;0;0;0;2,5;0;0;0;0;0;10;165,5;0;0;0;9841;0;0;0;0;0;0;0;0;0;-2,00000000000422E-04;0;0;0;0,5007;0;0
03.12.2020 23:04:43;13,25;31,995;31,8;726,241666666667;5,303875;40,01775;0,500625;0;0;0;0,5;0;0;0;0;0;2,5;0;0;0;0;0;10;167;0;0;0;9841;0;0;0;0;0;0;0;0;0;-2,00000000000422E-04;0;0;0;0,500625;0;0
03.12.2020 23:09:43;13,3333333333333;31,995;31,8;735,2;5,23474166666667;39,89375;0,500775;0;0;0;0,5;0;0;0;0;0;2,5;0;0;0;0;0;10;168,5;0;0;0;9841;0;0;0;0;0;0;0;0;0;-2,00000000000422E-04;0;0;0;0,500775;0;0
03.12.2020 23:14:43;13,4166666666667;31,995;31,8;731,1;5,267975;40,3654166666667;0,50085;0;0;0;0,5;0;0;0;0;0;2,5;0;0;0;0;0;10;169,5;0;0;0;9841;0;0;0;0;0;0;0;0;0;-2,00000000000422E-04;0;0;0;0,50085;0;0
03.12.2020 23:19:43;13,5;31,995;31,8;731,971666666667;5,2823;39,9275;0,500625;0;0;0;0,5;0;0;0;0;0;2,5;0;0;0;0;0;10;170,5;0;0;0;9841;0;0;0;0;0;0;0;0;0;-2,00000000000422E-04;0;0;0;0,500625;0;0
03.12.2020 23:24:43;13,5833333333333;31,995;31,8;732,781666666667;5,21115833333333;39,4799166666667;0,50055;0;0;0;0,5;0;0;0;0;0;2,5;0;0;0;0;0;10;171,5;0;0;0;9841;0;0;0;0;0;0;0;0;0;-2,00000000000422E-04;0;0;0;0,50055;0;0
03.12.2020 23:29:43;13,6666666666667;31,995;31,8;729,8;5,32075833333333;40,1414166666667;0,500925;0;0;0;0,5;0;0;0;0;0;2,5;0;0;0;0;0;10;172,5;0;0;0;9841;0;0;0;0;0;0;0;0;0;-2,00000000000422E-04;0;0;0;0,500925;0;0
03.12.2020 23:34:43;13,75;31,995;31,8;737,1;5,22025;39,8454166666667;0,50085;0;0;0;0,5;0;0;0;0;0;2,5;0;0;0;0;0;10,5;173,5;0;0;0;9841;0;0;0;0;0;0;0;0;0;-2,00000000000422E-04;0;0;0;0,50085;0;0
03.12.2020 23:39:43;13,8333333333333;31,995;31,8;727,62;5,30645833333333;40,5201666666667;0,50085;0;0;0;0,5;0;0;0;0;0;2,5;0;0;0;0;0;11;174,5;0;0;0;9841;0;0;0;0;0;0;0;0;0;-2,00000000000422E-04;0;0;0;0,50085;0;0
03.12.2020 23:44:43;13,9166666666667;31,995;31,8;729,1;5,24743333333333;39,61275;0,5007;0;0;0;0,5;0;0;0;0;0;2,5;0;0;0;0;0;11;175,5;0;0;0;9841;0;0;0;0;0;0;0;0;0;-2,00000000000422E-04;0;0;0;0,5007;0;0
03.12.2020 23:49:43;14;31,995;31,8;732,3;5,24883333333333;40,2009166666667;0,5004;0;0;0;0,5;0;0;0;0;0;2,5;0;0;0;0;0;11;176,5;0;0;0;9841;0;0;0;0;0;0;0;0;0;-2,00000000000422E-04;0;0;0;0,5004;0;0
03.12.2020 23:54:43;14,0833333333333;31,995;31,8;736,945;5,29959166666667;40,31625;0,50085;0;0;0;0,5;0;0;0;0;0;2,5;0;0;0;0;0;11;177,5;0;0;0;9841;0;0;0;0;0;0;0;0;0;-2,00000000000422E-04;0;0;0;0,50085;0;0
03.12.2020 23:59:43;14,1666666666667;31,995;31,8;726,8;5,24256666666667;39,90575;0,501225;0;0;0;0,5;0;0;0;0;0;2,5;0;0;0;0;0;11;178,5;0;0;0;9841;0;0;0;0;0;0;0;0;0;-2,00000000000422E-04;0;0;0;0,501225;0;0
04.12.2020 00:04:43;14,25;31,995;31,8;730,2;5,2986;40,02075;0,501225;0;0;0;0,5;0;0;0;0;0;2,5;0;0;0;0;0;11;179,5;0;0;0;9841;0;0;0;0;0;0;0;0;0;-2,00000000000422E-04;0;0;0;0,501225;0;0
04.12.2020 00:09:43;14,3333333333333;31,995;31,7475;730,9;5,19406666666667;40,1114166666667;0,500925;0;0;0;0,5;0;0;0;0;0;2,5;0;0;0;0;0;11;180,5;0;0;0;9841;0;0;0;0;0;0;0;0;0;-2,00000000000422E-04;0;0;0;0,500925;0;0
04.12.2020 00:14:43;14,4166666666667;31,995;31,7475;727,7;5,334525;40,13475;0,500925;0;0;0;0,5;0;0;0;0;0;2,5;0;0;0;0;0;11;181,5;0;0;0;9841;0;0;0;0;0;0;0;0;0;-2,00000000000422E-04;0;0;0;0,500925;0;0
04.12.2020 00:19:43;14,5;31,995;31,8;732,8;5,22255;39,3955;0,50085;0;0;0;0,5;0;0;0;0;0;2,5;0;0;0;0;0;11;182,5;0;0;0;9841;0;0;0;0;0;0;0;0;0;-2,00000000000422E-04;0;0;0;0,50085;0;0
04.12.2020 00:24:43;14,5833333333333;31,995;31,8;731,301666666667;5,30706666666667;40,7038333333333;0,500775;0;0;0;0,5;0;0;0;0;0;2,5;0;0;0;0;0;11;183,5;0;0;0;9841;0;0;0;0;0;0;0;0;0;-2,00000000000422E-04;0;0;0;0,500775;0;0
04.12.2020 00:29:43;14,6666666666667;31,995;31,8;732;5,23456666666667;39,6594166666667;0,500925;0;0;0;0,5;0;0;0;0;0;2,5;0;0;0;0;0;11;184,5;0;0;0;9841;0;0;0;0;0;0;0;0;0;-2,00000000000422E-04;0;0;0;0,500925;0;0
04.12.2020 00:34:43;14,75;31,995;31,8;734,1;5,28893333333333;40,431;0,500925;0;0;0;0,5;0;0;0;0;0;2,5;0;0;0;0;0;11;185,5;0;0;0;9841;0;0;0;0;0;0;0;0;0;-2,00000000000422E-04;0;0;0;0,500925;0;0
04.12.2020 00:39:43;14,8333333333333;31,995;31,8;727,4;5,2595;40,1886666666667;0,500925;0;0;0;0,5;0;0;0;0;0;2,5;0;0;0;0;0;11;187;0;0;0;9841;0;0;0;0;0;0;0;0;0;-2,00000000000422E-04;0;0;0;0,500925;0;0
04.12.2020 00:44:43;14,9166666666667;31,995;31,8;725,1;5,27579166666667;40,24025;0,50085;0;0;0;0,5;0;0;0;0;0;2,5;0;0;0;0;0;11;188,5;0;0;0;9841;0;0;0;0;0;0;0;0;0;-2,00000000000422E-04;0;0;0;0,50085;0;0
04.12.2020 00:49:43;15;31,995;31,8;725,9;5,27894166666667;40,0324166666667;0,500775;0;0;0;0,5;0;0;0;0;0;2,5;0;0;0;0;0;11;189,5;0;0;0;9841;0;0;0;0;0;0;0;0;0;-2,00000000000422E-04;0;0;0;0,500775;0;0
04.12.2020 00:54:43;15,0833333333333;31,995;31,8;734,16;5,23079166666667;39,67525;0,500775;0;0;0;0,5;0;0;0;0;0;2,5;0;0;0;0;0;11;190,5;0;0;0;9841;0;0;0;0;0;0;0;0;0;-2,00000000000422E-04;0;0;0;0,500775;0;0
04.12.2020 00:59:43;15,1666666666667;31,995;31,8;734,1;5,334675;40,19525;0,501;0;0;0;0,5;0;0;0;0;0;2,5;0;0;0;0;0;11;191,5;0;0;0;9841;0;0;0;0;0;0;0;0;0;-2,00000000000422E-04;0;0;0;0,501;0;0
04.12.2020 01:04:43;15,25;31,995;31,8;735,2;5,23289166666667;39,9413333333333;0,501075;0;0;0;0,5;0;0;0;0;0;2,5;0;0;0;0;0;11;192,5;0;0;0;9841;0;0;0;0;0;0;0;0;0;-2,00000000000422E-04;0;0;0;0,501075;0;0
04.12.2020 01:09:43;15,3333333333333;31,995;31,8;728,583333333333;5,324325;40,2625833333333;0,501075;0;0;0;0,5;0;0;0;0;0;2,5;0;0;0;0;0;11;193,5;0;0;0;9841;0;0;0;0;0;0;0;0;0;-2,00000000000422E-04;0;0;0;0,501075;0;0
04.12.2020 01:14:43;15,4166666666667;31,995;31,8;731,778333333333;5,22795;39,7595;0,50115;0;0;0;0,5;0;0;0;0;0;2,5;0;0;0;0;0;11;194,5;0;0;0;9841;0;0;0;0;0;0;0;0;0;-2,00000000000422E-04;0;0;0;0,50115;0;0
04.12.2020 01:19:43;15,5;31,995;31,8;723,2;5,33843333333333;40,41125;0,500925;0;0;0;0,5;0;0;0;0;0;2,5;0;0;0;0;0;11;195,5;0;0;0;9841;0;0;0;0;0;0;0;0;0;-2,00000000000422E-04;0;0;0;0,500925;0;0
04.12.2020 01:24:43;15,5833333333333;31,995;31,8;725,52;5,24085833333333;40,0214166666667;0,500775;0;0;0;0,5;0;0;0;0;0;2,5;0;0;0;0;0;11;196,5;0;0;0;9841;0;0;0;0;0;0;0;0;0;-2,00000000000422E-04;0;0;0;0,500775;0;0
04.12.2020 01:29:43;15,6666666666667;31,995;31,8;731,791666666667;5,29256666666667;39,66175;0,500775;0;0;0;0,5;0;0;0;0;0;2,5;0;0;0;0;0;11;197,5;0;0;0;9841;0;0;0;0;0;0;0;0;0;-2,00000000000422E-04;0;0;0;0,500775;0;0
04.12.2020 01:34:43;15,75;31,995;31,8;731,7;5,2127;40,0489166666667;0,50085;0;0;0;0,5;0;0;0;0;0;2,5;0;0;0;0;0;11;198,5;0;0;0;9841;0;0;0;0;0;0;0;0;0;-2,00000000000422E-04;0;0;0;0,50085;0;0
04.12.2020 01:39:43;15,8333333333333;31,995;31,7475;728,165;5,32301666666667;40,0973333333333;0,500925;0;0;0;0,5;0;0;0;0;0;2,5;0;0;0;0;0;11;199,5;0;0;0;9841;0;0;0;0;0;0;0;0;0;-2,00000000000422E-04;0;0;0;0,500925;0;0
04.12.2020 01:44:43;15,9166666666667;31,995;31,7475;734,3;5,19314166666667;39,6374166666667;0,5007;0;0;0;0,5;0;0;0;0;0;2,5;0;0;0;0;0;11;200,5;0;0;0;9841;0;0;0;0;0;0;0;0;0;-2,00000000000422E-04;0;0;0;0,5007;0;0
04.12.2020 01:49:43;16;31,995;31,8;726,476666666667;5,34890833333333;40,3429166666667;0,500775;0;0;0;0,5;0;0;0;0;0;2,5;0;0;0;0;0;11;201,5;0;0;0;9841;0;0;0;0;0;0;0;0;0;-2,00000000000422E-04;0;0;0;0,500775;0;0
04.12.2020 01:54:43;16,0833333333333;31,995;31,8;728,3;5,18969166666667;39,4935833333333;0,500625;0;0;0;0,5;0;0;0;0;0;2,5;0;0;0;0;0;11;202,5;0;0;0;9841;0;0;0;0;0;0;0;0;0;-2,00000000000422E-04;0;0;0;0,500625;0;0
04.12.2020 01:59:43;16,1666666666667;31,995;31,8;728,3;5,34159166666667;40,3245833333333;0,500625;0;0;0;0,5;0;0;0;0;0;2,5;0;0;0;0;0;11;203,5;0;0;0;9841;0;0;0;0;0;0;0;0;0;-2,00000000000422E-04;0;0;0;0,500625;0;0
04.12.2020 02:04:43;16,25;31,995;31,7775;734,988333333333;5,23399166666667;39,3905;0,500925;0;0;0;0,5;0;0;0;0;0;2,5;0;0;0;0;0;11;204,5;0;0;0;9841;0;0;0;0;0;0;0;0;0;-2,00000000000422E-04;0;0;0;0,500925;0;0
04.12.2020 02:09:43;16,3333333333333;31,995;31,7775;726,698333333333;5,33203333333333;40,6049166666667;0,50085;0;0;0;0,5;0;0;0;0;0;2,5;0;0;0;0;0;11;205,5;0;0;0;9841;0;0;0;0;0;0;0;0;0;-2,00000000000422E-04;0;0;0;0,50085;0;0
04.12.2020 02:14:43;16,4166666666667;31,995;31,8;727,225;5,2334;39,6981666666667;0,50085;0;0;0;0,5;0;0;0;0;0;2,5;0;0;0;0;0;11;207;0;0;0;9841;0;0;0;0;0;0;0;0;0;-2,00000000000422E-04;0;0;0;0,50085;0;0
04.12.2020 02:19:43;16,5;31,995;31,8;726;5,32191666666667;40,2310833333333;0,50085;0;0;0;0,5;0;0;0;0;0;2,5;0;0;0;0;0;11;208,5;0;0;0;9841;0;0;0;0;0;0;0;0;0;-2,00000000000422E-04;0;0;0;0,50085;0;0
04.12.2020 02:24:43;16,5833333333333;31,995;31,8;738,251666666667;5,23785;39,4701666666667;0,5007;0;0;0;0,5;0;0;0;0;0;2,5;0;0;0;0;0;11;209,5;0;0;0;9841;0;0;0;0;0;0;0;0;0;-2,00000000000422E-04;0;0;0;0,5007;0;0
04.12.2020 02:29:43;16,6666666666667;31,995;31,8;732,1;5,31611666666667;40,4274166666667;0,500775;0;0;0;0,5;0;0;0;0;0;2,5;0;0;0;0;0;11;210,5;0;0;0;9841;0;0;0;0;0;0;0;0;0;-2,00000000000422E-04;0;0;0;0,500775;0;0
04.12.2020 02:34:43;16,75;31,995;31,7475;738,75;5,25004166666667;39,4255;0,50085;0;0;0;0,5;0;0;0;0;0;2,5;0;0;0;0;0;11;211,5;0;0;0;9841;0;0;0;0;0;0;0;0;0;-2,00000000000422E-04;0;0;0;0,50085;0;0
04.12.2020 02:39:43;16,8333333333333;31,995;31,695;725,47;5,27936666666667;40,53275;0,500775;0;0;0;0,5;0;0;0;0;0;2,5;0;0;0;0;0;11;212,5;0;0;0;9841;0;0;0;0;0;0;0;0;0;-2,00000000000422E-04;0;0;0;0,500775;0;0
04.12.2020 02:44:43;16,9166666666667;31,995;31,7475;734,7;5,27244166666667;39,597;0,501075;0;0;0;0,5;0;0;0;0;0;2,5;0;0;0;0;0;11;213,5;0;0;0;9841;0;0;0;0;0;0;0;0;0;-2,00000000000422E-04;0;0;0;0,501075;0;0
04.12.2020 02:49:43;17;31,995;31,8;725,356666666667;5,27360833333333;40,14025;0,50085;0;0;0;0,5;0;0;0;0;0;2,5;0;0;0;0;0;11;214,5;0;0;0;9841;0;0;0;0;0;0;0;0;0;-2,00000000000422E-04;0;0;0;0,50085;0;0
04.12.2020 02:54:43;17,0833333333333;31,995;31,8;737,185;5,29745833333333;39,90325;0,50055;0;0;0;0,5;0;0;0;0;0;2,5;0;0;0;0;0;11,5;215,5;0;0;0;9841;0;0;0;0;0;0;0;0;0;-2,00000000000422E-04;0;0;0;0,50055;0;0
04.12.2020 02:59:43;17,1666666666667;31,995;31,8;727,461666666667;5,25003333333333;40,092;0,500925;0;0;0;0,5;0;0;0;0;0;2,5;0;0;0;0;0;12;216,5;0;0;0;9841;0;0;0;0;0;0;0;0;0;-2,00000000000422E-04;0;0;0;0,500925;0;0
04.12.2020 03:04:43;17,25;31,995;31,8;732,171666666667;5,30846666666667;40,11925;0,501;0;0;0;0,5;0;0;0;0;0;2,5;0;0;0;0;0;12;217,5;0;0;0;9841;0;0;0;0;0;0;0;0;0;-2,00000000000422E-04;0;0;0;0,501;0;0
04.12.2020 03:09:43;17,3333333333333;31,995;31,8;731,448333333333;5,22425;39,80475;0,500775;0;0;0;0,5;0;0;0;0;0;2,5;0;0;0;0;0;12;218,5;0;0;0;9841;0;0;0;0;0;0;0;0;0;-2,00000000000422E-04;0;0;0;0,500775;0;0
04.12.2020 03:14:43;17,4166666666667;31,995;31,8;732,686666666667;5,32199166666667;40,463;0,500775;0;0;0;0,5;0;0;0;0;0;2,5;0;0;0;0;0;12;219,5;0;0;0;9841;0;0;0;0;0;0;0;0;0;-2,00000000000422E-04;0;0;0;0,500775;0;0
04.12.2020 03:19:43;17,5;31,995;31,8;735,828333333333;5,19844166666667;39,4663333333333;0,500775;0;0;0;0,5;0;0;0;0;0;2,5;0;0;0;0;0;12;220,5;0;0;0;9841;0;0;0;0;0;0;0;0;0;-2,00000000000422E-04;0;0;0;0,500775;0;0
04.12.2020 03:24:43;17,5833333333333;31,995;31,8;729,273333333333;5,35273333333333;40,50375;0,50055;0;0;0;0,5;0;0;0;0;0;2,5;0;0;0;0;0;12;221,5;0;0;0;9841;0;0;0;0;0;0;0;0;0;-2,00000000000422E-04;0;0;0;0,50055;0;0
04.12.2020 03:29:43;17,6666666666667;31,995;31,7625;735,87;5,23890833333333;39,538;0,500475;0;0;0;0,5;0;0;0;0;0;2,5;0;0;0;0;0;12;222,5;0;0;0;9841;0;0;0;0;0;0;0;0;0;-2,00000000000422E-04;0;0;0;0,500475;0;0
04.12.2020 03:34:43;17,75;31,995;31,7625;732,1;5,31215;40,289;0,500775;0;0;0;0,5;0;0;0;0;0;2,5;0;0;0;0;0;12;223,5;0;0;0;9841;0;0;0;0;0;0;0;0;0;-2,00000000000422E-04;0;0;0;0,500775;0;0
04.12.2020 03:39:43;17,8333333333333;31,995;31,8;735,7;5,23523333333333;39,7009166666667;0,5007;0;0;0;0,5;0;0;0;0;0;2,5;0;0;0;0;0;12;224,5;0;0;0;9841;0;0;0;0;0;0;0;0;0;-2,00000000000422E-04;0;0;0;0,5007;0;0
04.12.2020 03:44:43;17,9166666666667;31,995;31,8;727,353333333333;5,289625;40,3804166666667;0,500775;0;0;0;0,5;0;0;0;0;0;2,5;0;0;0;0;0;12;225,5;0;0;0;9841;0;0;0;0;0;0;0;0;0;-2,00000000000422E-04;0;0;0;0,500775;0;0
04.12.2020 03:49:43;18;31,995;31,8;730,6;5,26586666666667;39,6584166666667;0,500925;0;0;0;0,5;0;0;0;0;0;2,5;0;0;0;0;0;12;227;0;0;0;9841;0;0;0;0;0;0;0;0;0;-2,00000000000422E-04;0;0;0;0,500925;0;0
04.12.2020 03:54:43;18,0833333333333;31,995;31,8;726,2;5,24898333333333;40,2233333333333;0,500775;0;0;0;0,5;0;0;0;0;0;2,5;0;0;0;0;0;12;228,5;0;0;0;9841;0;0;0;0;0;0;0;0;0;-2,00000000000422E-04;0;0;0;0,500775;0;0
04.12.2020 03:59:43;18,1666666666667;31,995;31,8;735,026666666667;5,289075;39,68175;0,500775;0;0;0;0,5;0;0;0;0;0;2,5;0;0;0;0;0;12;229,5;0;0;0;9841;0;0;0;0;0;0;0;0;0;-2,00000000000422E-04;0;0;0;0,500775;0;0
04.12.2020 04:04:43;18,25;31,995;31,8;733,553333333333;5,20411666666667;40,2151666666667;0,5007;0;0;0;0,5;0;0;0;0;0;2,5;0;0;0;0;0;12;230,5;0;0;0;9841;0;0;0;0;0;0;0;0;0;-2,00000000000422E-04;0;0;0;0,5007;0;0
04.12.2020 04:09:43;18,3333333333333;31,995;31,8;725,7;5,31709166666667;40,0568333333333;0,500775;0;0;0;0,5;0;0;0;0;0;2,5;0;0;0;0;0;12;231,5;0;0;0;9841;0;0;0;0;0;0;0;0;0;-2,00000000000422E-04;0;0;0;0,500775;0;0
04.12.2020 04:14:43;18,4166666666667;31,995;31,8;729,3;5,23323333333333;39,9119166666667;0,500925;0;0;0;0,5;0;0;0;0;0;2,5;0;0;0;0;0;12;232,5;0;0;0;9841;0;0;0;0;0;0;0;0;0;-2,00000000000422E-04;0;0;0;0,500925;0;0
04.12.2020 04:19:43;18,5;31,995;31,8;723,695;5,300725;40,3119166666667;0,500925;0;0;0;0,5;0;0;0;0;0;2,5;0;0;0;0;0;12;233,5;0;0;0;9841;0;0;0;0;0;0;0;0;0;-2,00000000000422E-04;0;0;0;0,500925;0;0
04.12.2020 04:24:43;18,5833333333333;31,995;31,8;741,028333333333;5,26375833333333;39,4245833333333;0,50085;0;0;0;0,5;0;0;0;0;0;2,5;0;0;0;0;0;12;234,5;0;0;0;9841;0;0;0;0;0;0;0;0;0;-2,00000000000422E-04;0;0;0;0,50085;0;0
04.12.2020 04:29:43;18,6666666666667;31,995;31,8;731,245;5,240975;40,5828333333333;0,501;0;0;0;0,5;0;0;0;0;0;2,5;0;0;0;0;0;12;235,5;0;0;0;9841;0;0;0;0;0;0;0;0;0;-2,00000000000422E-04;0;0;0;0,501;0;0
04.12.2020 04:34:43;18,75;31,995;31,8;732,38;5,304475;39,8550833333333;0,500925;0;0;0;0,5;0;0;0;0;0;2,5;0;0;0;0;0;12;236,5;0;0;0;9841;0;0;0;0;0;0;0;0;0;-2,00000000000422E-04;0;0;0;0,500925;0;0
04.12.2020 04:39:43;18,8333333333333;31,995;31,8;741,433333333333;5,219725;39,4706666666667;0,5007;0;0;0;0,5;0;0;0;0;0;2,5;0;0;0;0;0;12;237,5;0;0;0;9841;0;0;0;0;0;0;0;0;0;-2,00000000000422E-04;0;0;0;0,5007;0;0
04.12.2020 04:44:43;18,9166666666667;31,995;31,7475;733,936666666667;5,32319166666667;40,4005833333333;0,5007;0;0;0;0,5;0;0;0;0;0;2,5;0;0;0;0;0;12;238,5;0;0;0;9841;0;0;0;0;0;0;0;0;0;-2,00000000000422E-04;0;0;0;0,5007;0;0
04.12.2020 04:49:43;19;31,995;31,7475;736,4;5,24286666666667;39,6589166666667;0,5007;0;0;0;0,5;0;0;0;0;0;2,5;0;0;0;0;0;12;239,5;0;0;0;9841;0;0;0;0;0;0;0;0;0;-2,00000000000422E-04;0;0;0;0,5007;0;0
04.12.2020 04:54:43;19,0833333333333;31,995;31,8;733,451666666667;5,24634166666667;39,9440833333333;0,500625;0;0;0;0,5;0;0;0;0;0;2,5;0;0;0;0;0;12;240,5;0;0;0;9841;0;0;0;0;0;0;0;0;0;-2,00000000000422E-04;0;0;0;0,500625;0;0
04.12.2020 04:59:43;19,1666666666667;31,995;31,8;738,218333333333;5,28225;39,761;0,500625;0;0;0;0,5;0;0;0;0;0;2,5;0;0;0;0;0;12;241,5;0;0;0;9841;0;0;0;0;0;0;0;0;0;-2,00000000000422E-04;0;0;0;0,500625;0;0
04.12.2020 05:04:43;19,25;31,995;31,8;731,298333333333;5,22900833333333;39,8615833333333;0,500775;0;0;0;0,5;0;0;0;0;0;2,5;0;0;0;0;0;12;242,5;0;0;0;9841;0;0;0;0;0;0;0;0;0;-2,00000000000422E-04;0;0;0;0,500775;0;0
04.12.2020 05:09:43;19,3333333333333;31,995;31,8;734,656666666667;5,29383333333333;39,9698333333333;0,5007;0;0;0;0,5;0;0;0;0;0;2,5;0;0;0;0;0;12;243,5;0;0;0;9841;0;0;0;0;0;0;0;0;0;-2,00000000000422E-04;0;0;0;0,5007;0;0
04.12.2020 05:14:43;19,4166666666667;31,995;31,8;737,3;5,25600833333333;39,7314166666667;0,500625;0;0;0;0,5;0;0;0;0;0;2,5;0;0;0;0;0;12;244,5;0;0;0;9841;0;0;0;0;0;0;0;0;0;-2,00000000000422E-04;0;0;0;0,500625;0;0
04.12.2020 05:19:43;19,5;31,995;31,8;734;5,226825;40,0885;0,500625;0;0;0;0,5;0;0;0;0;0;2,5;0;0;0;0;0;12;245,5;0;0;0;9841;0;0;0;0;0;0;0;0;0;-2,00000000000422E-04;0;0;0;0,500625;0;0
04.12.2020 05:24:43;19,5833333333333;31,995;31,8;740,706666666667;5,28136666666667;39,7219166666667;0,500625;0;0;0;0,5;0;0;0;0;0;2,5;0;0;0;0;0;12;247;0;0;0;9841;0;0;0;0;0;0;0;0;0;-2,00000000000422E-04;0;0;0;0,500625;0;0
04.12.2020 05:29:43;19,6666666666667;31,995;31,8;737;5,24133333333333;40,0646666666667;0,500625;0;0;0;0,5;0;0;0;0;0;2,5;0;0;0;0;0;12;248,5;0;0;0;9841;0;0;0;0;0;0;0;0;0;-2,00000000000422E-04;0;0;0;0,500625;0;0
04.12.2020 05:34:43;19,75;31,995;31,8;736,2;5,25268333333333;40,22225;0,50055;0;0;0;0,5;0;0;0;0;0;2,5;0;0;0;0;0;12;249,5;0;0;0;9841;0;0;0;0;0;0;0;0;0;-2,00000000000422E-04;0;0;0;0,50055;0;0
04.12.2020 05:39:43;19,8333333333333;31,995;31,8;736,9;5,29749166666667;39,90875;0,5007;0;0;0;0,5;0;0;0;0;0;2,5;0;0;0;0;0;12;250,5;0;0;0;9841;0;0;0;0;0;0;0;0;0;-2,00000000000422E-04;0;0;0;0,5007;0;0
04.12.2020 05:44:43;19,9166666666667;31,995;31,8;746,396666666667;5,211975;39,83075;0,500925;0;0;0;0,5;0;0;0;0;0;2,5;0;0;0;0;0;12;251,5;0;0;0;9841;0;0;0;0;0;0;0;0;0;-2,00000000000422E-04;0;0;0;0,500925;0;0
04.12.2020 05:49:43;20;31,995;31,8;735,4;5,27546666666667;40,4289166666667;0,50085;0;0;0;0,5;0;0;0;0;0;2,5;0;0;0;0;0;12;252,5;0;0;0;9841;0;0;0;0;0;0;0;0;0;-2,00000000000422E-04;0;0;0;0,50085;0;0
04.12.2020 05:54:43;20,0833333333333;31,995;31,8;732,4;5,27924166666667;39,9561666666667;0,500925;0;0;0;0,5;0;0;0;0;0;2,5;0;0;0;0;0;12,5;253,5;0;0;0;9841;0;0;0;0;0;0;0;0;0;-2,00000000000422E-04;0;0;0;0,500925;0;0
04.12.2020 05:59:43;20,1666666666667;31,995;31,8;745,65;5,22790833333333;39,7343333333333;0,500925;0;0;0;0,5;0;0;0;0;0;2,5;0;0;0;0;0;13;254,5;0;0;0;9841;0;0;0;0;0;0;0;0;0;-2,00000000000422E-04;0;0;0;0,500925;0;0
04.12.2020 06:04:43;20,25;31,995;31,8;741;5,30191666666667;40,1885;0,500625;0;0;0;0,5;0;0;0;0;0;2,5;0;0;0;0;0;13;255,5;0;0;0;9841;0;0;0;0;0;0;0;0;0;-2,00000000000422E-04;0;0;0;0,500625;0;0
04.12.2020 06:09:43;20,3333333333333;31,995;31,8;738,1;5,24588333333333;39,6420833333333;0,5007;0;0;0;0,5;0;0;0;0;0;2,5;0;0;0;0;0;13;256,5;0;0;0;9841;0;0;0;0;0;0;0;0;0;-2,00000000000422E-04;0;0;0;0,5007;0;0
04.12.2020 06:14:43;20,4166666666667;31,995;31,8;740,1;5,221375;40,2688333333333;0,500925;0;0;0;0,5;0;0;0;0;0;2,5;0;0;0;0;0;13;257,5;0;0;0;9841;0;0;0;0;0;0;0;0;0;-2,00000000000422E-04;0;0;0;0,500925;0;0
04.12.2020 06:19:43;20,5;31,995;31,8;737,6;5,30125833333333;40,014;0,501075;0;0;0;0,5;0;0;0;0;0;2,5;0;0;0;0;0;13;258,5;0;0;0;9841;0;0;0;0;0;0;0;0;0;-2,00000000000422E-04;0;0;0;0,501075;0;0
04.12.2020 06:24:43;20,5833333333333;31,995;31,8;749,053333333333;5,24835;39,7279166666667;0,500925;0;0;0;0,5;0;0;0;0;0;2,5;0;0;0;0;0;13;259,5;0;0;0;9841;0;0;0;0;0;0;0;0;0;-2,00000000000422E-04;0;0;0;0,500925;0;0
04.12.2020 06:29:43;20,6666666666667;31,995;31,8;745,7;5,22096666666667;40,1248333333333;0,500625;0;0;0;0,5;0;0;0;0;0;2,5;0;0;0;0;0;13;260,5;0;0;0;9841;0;0;0;0;0;0;0;0;0;-2,00000000000422E-04;0;0;0;0,500625;0;0
04.12.2020 06:34:43;20,75;31,995;31,8;745,5;5,30453333333333;40,1171666666667;0,50085;0;0;0;0,5;0;0;0;0;0;2,5;0;0;0;0;0;13;261,5;0;0;0;9841;0;0;0;0;0;0;0;0;0;-2,00000000000422E-04;0;0;0;0,50085;0;0
04.12.2020 06:39:43;20,8333333333333;31,995;31,8;750,5;5,234375;39,5104166666667;0,501075;0;0;0;0,5;0;0;0;0;0;2,5;0;0;0;0;0;13;262,5;0;0;0;9841;0;0;0;0;0;0;0;0;0;-2,00000000000422E-04;0;0;0;0,501075;0;0
04.12.2020 06:44:43;20,9166666666667;31,995;31,8;750,2;5,23600833333333;40,3125;0,50085;0;0;0;0,5;0;0;0;0;0;2,5;0;0;0;0;0;13;263,5;0;0;0;9841;0;0;0;0;0;0;0;0;0;-2,00000000000422E-04;0;0;0;0,50085;0;0
04.12.2020 06:49:43;21;31,995;31,8;746,8;5,287625;39,8585;0,5007;0;0;0;0,5;0;0;0;0;0;2,5;0;0;0;0;0;13;264,5;0;0;0;9841;0;0;0;0;0;0;0;0;0;-2,00000000000422E-04;0;0;0;0,5007;0;0
04.12.2020 06:54:43;21,0833333333333;31,995;31,8;751,8;5,241725;39,8666666666667;0,500625;0;0;0;0,5;0;0;0;0;0;2,5;0;0;0;0;0;13;265,5;0;0;0;9841;0;0;0;0;0;0;0;0;0;-2,00000000000422E-04;0;0;0;0,500625;0;0
04.12.2020 06:59:43;21,1666666666667;31,995;31,8;755,4;5,22093333333333;39,90425;0,500625;0;0;0;0,5;0;0;0;0;0;2,5;0;0;0;0;0;13;267;0;0;0;9841;0;0;0;0;0;0;0;0;0;-2,00000000000422E-04;0;0;0;0,500625;0;0
04.12.2020 07:04:43;21,25;31,995;31,8;751,5;5,29775833333333;39,9813333333333;0,501;0;0;0;0,5;0;0;0;0;0;2,5;0;0;0;0;0;13;268,5;0;0;0;9841;0;0;0;0;0;0;0;0;0;-2,00000000000422E-04;0;0;0;0,501;0;0
04.12.2020 07:09:43;21,3333333333333;31,995;31,8;751,1;5,241825;39,9909166666667;0,501;0;0;0;0,5;0;0;0;0;0;2,5;0;0;0;0;0;13;269,5;0;0;0;9841;0;0;0;0;0;0;0;0;0;-2,00000000000422E-04;0;0;0;0,501;0;0
04.12.2020 07:14:43;21,4166666666667;31,995;31,8;759,6;5,19080833333333;39,99325;0,500775;0;0;0;0,5;0;0;0;0;0;2,5;0;0;0;0;0;13;270,5;0;0;0;9841;0;0;0;0;0;0;0;0;0;-2,00000000000422E-04;0;0;0;0,500775;0;0
04.12.2020 07:19:43;21,5;31,995;31,8;760,5;5,31040833333333;40,2999166666667;0,500775;0;0;0;0,5;0;0;0;0;0;2,5;0;0;0;0;0;13;271,5;0;0;0;9841;0;0;0;0;0;0;0;0;0;-2,00000000000422E-04;0;0;0;0,500775;0;0
04.12.2020 07:24:43;21,5833333333333;31,995;31,8;759,6;5,24956666666667;39,5595833333333;0,500775;0;0;0;0,5;0;0;0;0;0;2,5;0;0;0;0;0;13;272,5;0;0;0;9841;0;0;0;0;0;0;0;0;0;-2,00000000000422E-04;0;0;0;0,500775;0;0
04.12.2020 07:29:43;21,6666666666667;31,995;31,8;762,8;5,20846666666667;40,0941666666667;0,5007;0;0;0;0,5;0;0;0;0;0;2,5;0;0;0;0;0;13;273,5;0;0;0;9841;0;0;0;0;0;0;0;0;0;-2,00000000000422E-04;0;0;0;0,5007;0;0
04.12.2020 07:34:43;21,75;31,995;31,8;760,6;5,28288333333333;39,98375;0,5007;0;0;0;0,5;0;0;0;0;0;2,5;0;0;0;0;0;13;274,5;0;0;0;9841;0;0;0;0;0;0;0;0;0;-2,00000000000422E-04;0;0;0;0,5007;0;0
04.12.2020 07:39:43;21,8333333333333;31,995;31,8;767,88;5,26015;39,8279166666667;0,501;0;0;0;0,5;0;0;0;0;0;2,5;0;0;0;0;0;13;275,5;0;0;0;9841;0;0;0;0;0;0;0;0;0;-2,00000000000422E-04;0;0;0;0,501;0;0
04.12.2020 07:44:43;21,9166666666667;31,995;31,8;764,9;5,19710833333333;39,8779166666667;0,501075;0;0;0;0,5;0;0;0;0;0;2,5;0;0;0;0;0;13;276,5;0;0;0;9841;0;0;0;0;0;0;0;0;0;-2,00000000000422E-04;0;0;0;0,501075;0;0
04.12.2020 07:49:43;22;31,995;31,8;765,8;5,27949166666667;40,0575;0,500925;0;0;0;0,5;0;0;0;0;0;2,5;0;0;0;0;0;13;277,5;0;0;0;9841;0;0;0;0;0;0;0;0;0;-2,00000000000422E-04;0;0;0;0,500925;0;0
04.12.2020 07:54:43;22,0833333333333;31,995;31,8;766,2;5,26543333333333;39,7308333333333;0,500775;0;0;0;0,5;0;0;0;0;0;2,5;0;0;0;0;0;13;278,5;0;0;0;9841;0;0;0;0;0;0;0;0;0;-2,00000000000422E-04;0;0;0;0,500775;0;0
04.12.2020 07:59:43;22,1666666666667;31,995;31,8;774,2;5,23098333333333;39,5046666666667;0,500475;0;0;0;0,5;0;0;0;0;0;2,5;0;0;0;0;0;13;279,5;0;0;0;9841;0;0;0;0;0;0;0;0;0;-2,00000000000422E-04;0;0;0;0,500475;0;0
04.12.2020 08:04:43;22,25;31,995;31,8;775,6;5,24005;39,9283333333333;0,500475;0;0;0;0,5;0;0;0;0;0;2,5;0;0;0;0;0;13;280,5;0;0;0;9841;0;0;0;0;0;0;0;0;0;-2,00000000000422E-04;0;0;0;0,500475;0;0
04.12.2020 08:09:43;22,3333333333333;31,995;31,8;771,1;5,266475;39,8788333333333;0,500625;0;0;0;0,5;0;0;0;0;0;2,5;0;0;0;0;0;13;281,5;0;0;0;9841;0;0;0;0;0;0;0;0;0;-2,00000000000422E-04;0;0;0;0,500625;0;0
04.12.2020 08:14:43;22,4166666666667;31,995;31,8;774,4;5,2399;39,8654166666667;0,50085;0;0;0;0,5;0;0;0;0;0;2,5;0;0;0;0;0;13;282,5;0;0;0;9841;0;0;0;0;0;0;0;0;0;-2,00000000000422E-04;0;0;0;0,50085;0;0
04.12.2020 08:19:43;22,5;31,995;31,8;774,9;5,22136666666667;40,17625;0,5013;0;0;0;0,5;0;0;0;0;0;2,5;0;0;0;0;0;13;283,5;0;0;0;9841;0;0;0;0;0;0;0;0;0;-2,00000000000422E-04;0;0;0;0,5013;0;0
04.12.2020 08:24:43;22,5833333333333;31,995;31,8;772,1;5,278775;40,0841666666667;0,50115;0;0;0;0,5;0;0;0;0;0;2,5;0;0;0;0;0;13,5;284,5;0;0;0;9841;0;0;0;0;0;0;0;0;0;-2,00000000000422E-04;0;0;0;0,50115;0;0
04.12.2020 08:29:43;22,6666666666667;31,995;31,8;774,4;5,23420833333333;39,6595833333333;0,5007;0;0;0;0,5;0;0;0;0;0;2,5;0;0;0;0;0;14;285,5;0;0;0;9841;0;0;0;0;0;0;0;0;0;-2,00000000000422E-04;0;0;0;0,5007;0;0
04.12.2020 08:34:43;22,75;31,995;31,8;779,1;5,203875;39,9408333333333;0,500625;0;0;0;0,5;0;0;0;0;0;2,5;0;0;0;0;0;14;287;0;0;0;9841;0;0;0;0;0;0;0;0;0;-2,00000000000422E-04;0;0;0;0,500625;0;0
04.12.2020 08:39:43;22,8333333333333;31,995;31,8;781;5,28786666666667;40,0129166666667;0,500625;0;0;0;0,5;0;0;0;0;0;2,5;0;0;0;0;0;14;288,5;0;0;0;9841;0;0;0;0;0;0;0;0;0;-2,00000000000422E-04;0;0;0;0,500625;0;0
04.12.2020 08:44:43;22,9166666666667;31,995;31,8;780,4;5,24378333333333;39,9583333333333;0,500775;0;0;0;0,5;0;0;0;0;0;2,5;0;0;0;0;0;14;289,5;0;0;0;9841;0;0;0;0;0;0;0;0;0;-2,00000000000422E-04;0;0;0;0,500775;0;0
04.12.2020 08:49:43;23;31,995;31,8;781,4;5,2079;40,01075;0,5007;0;0;0;0,5;0;0;0;0;0;2,5;0;0;0;0;0;14;290,5;0;0;0;9841;0;0;0;0;0;0;0;0;0;-2,00000000000422E-04;0;0;0;0,5007;0;0
04.12.2020 08:54:43;23,0833333333333;31,995;31,8;782,3;5,27233333333333;40,1629166666667;0,500625;0;0;0;0,5;0;0;0;0;0;2,5;0;0;0;0;0;14;291,5;0;0;0;9841;0;0;0;0;0;0;0;0;0;-2,00000000000422E-04;0;0;0;0,500625;0;0
04.12.2020 08:59:43;23,1666666666667;31,995;31,8;779,6;5,2703;39,93225;0,500775;0;0;0;0,5;0;0;0;0;0;2,5;0;0;0;0;0;14;292,5;0;0;0;9841;0;0;0;0;0;0;0;0;0;-2,00000000000422E-04;0;0;0;0,500775;0;0
04.12.2020 09:04:43;23,25;32,0475;31,65;783,8;5,23070833333333;39,7969166666667;0,500925;0;0;0;0,5;0;0;0;0;0;2,5;0;0;0;0;0;14;293,5;0;0;0;9841;0;0;0;0;0;0;0;0;0;-2,00000000000422E-04;0;0;0;0,500925;0;0
04.12.2020 09:09:43;23,3333333333333;32,0475;31,65;783,2;5,24675;40,4715833333333;0,50085;0;0;0;0,5;0;0;0;0;0;2,5;0;0;0;0;0;14;294,5;0;0;0;9841;0;0;0;0;0;0;0;0;0;-2,00000000000422E-04;0;0;0;0,50085;0;0
04.12.2020 09:14:43;23,4166666666667;31,995;31,785;775,2;5,279375;40,055;0,500775;0;0;0;0,5;0;0;0;0;0;2,5;0;0;0;0;0;14;295,5;0;0;0;9841;0;0;0;0;0;0;0;0;0;-2,00000000000422E-04;0;0;0;0,500775;0;0
04.12.2020 09:19:43;23,5;31,995;31,785;780,1;5,228625;39,5433333333333;0,501;0;0;0;0,5;0;0;0;0;0;2,5;0;0;0;0;0;14;296,5;0;0;0;9841;0;0;0;0;0;0;0;0;0;-2,00000000000422E-04;0;0;0;0,501;0;0
04.12.2020 09:24:43;23,5833333333333;31,995;31,8;782,2;5,24715833333333;40,1420833333333;0,50085;0;0;0;0,5;0;0;0;0;0;2,5;0;0;0;0;0;14;297,5;0;0;0;9841;0;0;0;0;0;0;0;0;0;-2,00000000000422E-04;0;0;0;0,50085;0;0
04.12.2020 09:29:43;23,6666666666667;31,995;31,8;777,9;5,27035;40,2295833333333;0,50085;0;0;0;0,5;0;0;0;0;0;2,5;0;0;0;0;0;14;298,5;0;0;0;9841;0;0;0;0;0;0;0;0;0;-2,00000000000422E-04;0;0;0;0,50085;0;0
04.12.2020 09:34:43;23,75;31,995;31,8;780,7;5,21246666666667;40,0436666666667;0,501225;0;0;0;0,5;0;0;0;0;0;2,5;0;0;0;0;0;14;299,5;0;0;0;9841;0;0;0;0;0;0;0;0;0;-2,00000000000422E-04;0;0;0;0,501225;0;0
04.12.2020 09:39:43;23,8333333333333;31,995;31,8;782,6;5,25553333333333;39,6283333333333;0,501;0;0;0;0,5;0;0;0;0;0;2,5;0;0;0;0;0;14;300,5;0;0;0;9841;0;0;0;0;0;0;0;0;0;-2,00000000000422E-04;0;0;0;0,501;0;0
04.12.2020 09:44:43;23,9166666666667;31,995;31,8;783,3;5,27031666666667;39,91725;0,50085;0;0;0;0,5;0;0;0;0;0;2,5;0;0;0;0;0;14;301,5;0;0;0;9841;0;0;0;0;0;0;0;0;0;-2,00000000000422E-04;0;0;0;0,50085;0;0
04.12.2020 09:49:43;24;31,995;31,8;789,7;5,22555833333333;39,5691666666667;0,500925;0;0;0;0,5;0;0;0;0;0;2,5;0;0;0;0;0;14;302,5;0;0;0;9841;0;0;0;0;0;0;0;0;0;-2,00000000000422E-04;0;0;0;0,500925;0;0
04.12.2020 09:54:43;24,0833333333333;31,995;31,7775;786,1;5,2363;40,1704166666667;0,500625;0;0;0;0,5;0;0;0;0;0;2,5;0;0;0;0;0;14;303,5;0;0;0;9841;0;0;0;0;0;0;0;0;0;-2,00000000000422E-04;0;0;0;0,500625;0;0
04.12.2020 09:59:43;24,1666666666667;31,995;31,7775;776,6;5,27645;40,17425;0,5007;0;0;0;0,5;0;0;0;0;0;2,5;0;0;0;0;0;14;304,5;0;0;0;9841;0;0;0;0;0;0;0;0;0;-2,00000000000422E-04;0;0;0;0,5007;0;0
04.12.2020 10:04:43;24,25;31,995;31,8;780,8;5,21713333333333;39,575;0,500925;0;0;0;0,5;0;0;0;0;0;2,5;0;0;0;0;0;14;306;0;0;0;9841;0;0;0;0;0;0;0;0;0;-2,00000000000422E-04;0;0;0;0,500925;0;0
04.12.2020 10:09:43;24,3333333333333;31,995;31,8;783,9;5,20295;40,09925;0,500775;0;0;0;0,5;0;0;0;0;0;2,5;0;0;0;0;0;14;307,5;0;0;0;9841;0;0;0;0;0;0;0;0;0;-2,00000000000422E-04;0;0;0;0,500775;0;0
04.12.2020 10:14:43;24,4166666666667;31,995;31,8;781,3;5,27936666666667;40,3383333333333;0,50085;0;0;0;0,5;0;0;0;0;0;2,5;0;0;0;0;0;14;308,5;0;0;0;9841;0;0;0;0;0;0;0;0;0;-2,00000000000422E-04;0;0;0;0,50085;0;0
04.12.2020 10:19:43;24,5;31,995;31,7475;782;5,26190833333333;39,8373333333333;0,500925;0;0;0;0,5;0;0;0;0;0;2,5;0;0;0;0;0;14;309,5;0;0;0;9841;0;0;0;0;0;0;0;0;0;-2,00000000000422E-04;0;0;0;0,500925;0;0
04.12.2020 10:24:43;24,5833333333333;31,995;31,7475;784;5,21318333333333;40,2046666666667;0,50085;0;0;0;0,5;0;0;0;0;0;2,5;0;0;0;0;0;14;310,5;0;0;0;9841;0;0;0;0;0;0;0;0;0;-2,00000000000422E-04;0;0;0;0,50085;0;0
04.12.2020 10:29:43;24,6666666666667;31,995;31,8;783,5;5,28123333333333;39,9041666666667;0,50085;0;0;0;0,5;0;0;0;0;0;2,5;0;0;0;0;0;14;311,5;0;0;0;9841;0;0;0;0;0;0;0;0;0;-2,00000000000422E-04;0;0;0;0,50085;0;0
04.12.2020 10:34:43;24,75;31,995;31,8;782,3;5,2366;39,97875;0,50085;0;0;0;0,5;0;0;0;0;0;2,5;0;0;0;0;0;14;312,5;0;0;0;9841;0;0;0;0;0;0;0;0;0;-2,00000000000422E-04;0;0;0;0,50085;0;0
04.12.2020 10:39:43;24,8333333333333;31,995;31,8;787,8;5,21670833333333;39,955;0,5007;0;0;0;0,5;0;0;0;0;0;2,5;0;0;0;0;0;14;313,5;0;0;0;9841;0;0;0;0;0;0;0;0;0;-2,00000000000422E-04;0;0;0;0,5007;0;0
04.12.2020 10:44:43;24,9166666666667;31,995;31,8;789,1;5,239975;39,9681666666667;0,500475;0;0;0;0,5;0;0;0;0;0;2,5;0;0;0;0;0;14;314,5;0;0;0;9841;0;0;0;0;0;0;0;0;0;-2,00000000000422E-04;0;0;0;0,500475;0;0
04.12.2020 10:49:43;25;31,995;31,8;784,2;5,25818333333333;40,19375;0,50055;0;0;0;0,5;0;0;0;0;0;2,5;0;0;0;0;0;14;315,5;0;0;0;9841;0;0;0;0;0;0;0;0;0;-2,00000000000422E-04;0;0;0;0,50055;0;0
04.12.2020 10:54:43;25,0833333333333;31,995;31,8;785,3;5,23526666666667;40,0683333333333;0,500625;0;0;0;0,5;0;0;0;0;0;2,5;0;0;0;0;0;14,5;316,5;0;0;0;9841;0;0;0;0;0;0;0;0;0;-2,00000000000422E-04;0;0;0;0,500625;0;0
04.12.2020 10:59:43;25,1666666666667;31,995;31,8;789,9;5,20173333333333;40,3381666666667;0,500775;0;0;0;0,5;0;0;0;0;0;2,5;0;0;0;0;0;15;317,5;0;0;0;9841;0;0;0;0;0;0;0;0;0;-2,00000000000422E-04;0;0;0;0,500775;0;0
04.12.2020 11:04:43;25,25;31,995;31,65;238,574509803922;5,28816666666667;22,4426470588235;0,196630882352941;0;0;0;0,25;0;0;0;0;0;7,35294117647059E-02;0;0;0;0;0;15;318;0;0;0;9841;0;0;0;0;0;0;0;0;0;-2,00000000000422E-04;0;0;0;0,196630882352941;0;0
04.12.2020 11:09:43;25,3333333333333;;;;;;;;;;;;;;;;;;;;;;;;;;;;;;;;;;;;;;;;;;;
